,column1,column2,column3,column4,column5
0,1,10,8,5,4
1,0,-12,-10,-10,-3
2,-1,0,2,3,-2
3,5,4,9,6,3
4,-3,-1,-10,0,1
5,11,6,6,-2,-2
6,-12,-11,-10,-3,-4
7,-2,4,11,1,1
8,1,-4,-9,-8,-1
9,0,-2,4,6,6
10,10,11,4,1,-6
11,-4,-4,-5,1,4
12,-6,-1,-1,-3,-6
13,-1,-3,-4,2,5
14,1,0,3,-1,-2
15,0,0,0,-5,3
16,4,2,11,10,0
17,3,6,-3,-3,-1
18,-1,-3,3,3,2
19,-6,-4,-11,-2,1
20,11,8,9,2,0
21,-12,-4,0,-2,1
22,9,6,1,4,-1
23,-9,-8,-10,-9,-3
24,4,-3,13,9,4
25,-2,-2,-18,-16,0
26,-2,1,9,9,0
27,1,2,6,4,-2
28,4,2,-4,-1,-3
29,10,9,3,3,4
30,-12,-12,-8,-5,0
31,-3,-4,-6,-9,-1
32,1,4,2,0,0
33,0,8,8,8,-3
34,2,-8,-1,-1,-2
35,1,0,-4,-3,-5
36,-3,5,4,5,8
37,-1,-7,-5,4,1
38,0,1,3,-3,2
39,0,-1,-3,-7,-1
40,0,6,8,9,2
41,1,1,-4,-5,-9
42,2,4,7,9,9
43,5,-4,-4,-4,-4
44,-1,1,4,1,2
45,-4,-5,-10,-5,-5
46,0,-1,-2,-4,5
47,-3,1,11,9,1
48,5,0,-9,-6,-4
49,-1,-1,-2,-6,5
50,-4,-2,-3,3,-4
51,4,3,4,1,2
52,-3,0,2,5,0
53,0,-4,-6,-11,-14
54,0,10,13,12,15
55,0,-9,-13,-12,-2
56,3,5,7,14,0
57,-2,-3,-2,-4,-3
58,0,10,7,0,1
59,3,1,2,3,4
60,-1,-7,-3,-4,0
61,-1,-3,-7,6,-1
62,2,6,5,-5,-1
63,-4,-7,-5,-5,-5
64,4,2,4,2,8
65,4,4,1,5,-2
66,-1,-2,1,0,-3
67,5,7,3,2,4
68,-8,-7,-4,0,0
69,-3,-6,-1,-6,-2
70,0,1,-2,1,-2
71,5,4,4,5,2
72,-7,-7,-10,-10,-3
73,6,9,13,11,4
74,-3,-6,-2,-5,1
75,5,6,2,1,-5
76,-3,-4,0,1,2
77,1,9,-1,0,4
78,-2,-10,-4,-6,-7
79,-1,10,5,6,5
80,-1,-1,-2,-3,2
81,-2,-10,5,7,-1
82,5,4,-10,-7,0
83,-5,-7,-5,4,1
84,3,6,3,-11,-6
85,5,5,6,8,-1
86,-5,-7,-8,-3,3
87,-3,1,1,-6,0
88,3,8,10,15,4
89,6,-1,-2,-4,-2
90,-6,-1,-1,1,2
91,-3,-5,3,-2,-1
92,2,1,1,3,1
93,0,-3,-8,-10,-6
94,-2,1,0,0,1
95,1,-4,0,2,-2
96,-1,3,2,6,5
97,0,1,1,-4,-1
98,3,-2,-7,5,1
99,-3,-2,4,-8,1
100,2,3,-4,1,-5
101,5,6,7,8,6
102,-4,-4,5,-2,-5
103,2,8,-2,-2,-1
104,-4,-4,-4,1,1
105,-1,-8,-8,-9,2
106,5,5,10,7,2
107,-4,-2,-7,-6,0
108,2,0,0,7,-5
109,0,-2,4,-3,-4
110,3,3,-2,7,9
111,-5,-4,0,-5,-1
112,0,3,8,2,-1
113,2,3,-7,1,0
114,-3,-4,-4,-7,2
115,0,3,13,9,1
116,3,-4,-13,-12,-9
117,0,10,13,11,8
118,-3,-9,-10,-3,0
119,1,-3,-4,-9,-6
120,1,13,14,13,7
121,-2,-12,-12,-10,-2
122,5,5,8,8,2
123,-2,2,-4,4,-1
124,-2,-3,0,-8,-1
125,-1,-1,-1,-3,-5
126,3,-2,-5,-4,4
127,-2,-1,-1,7,-1
128,3,8,11,2,-1
129,-1,-2,-4,2,1
130,-1,-1,0,-5,-5
131,2,1,1,1,6
132,-2,-6,-2,2,0
133,-2,0,1,-4,3
134,3,7,3,3,-1
135,-1,-7,-3,-3,-4
136,2,7,3,3,0
137,5,2,0,1,1
138,-8,-10,-10,-10,-12
139,2,4,11,12,16
140,0,-1,-8,-10,-1
141,0,2,5,4,-8
142,-2,-1,3,5,8
143,0,-4,-12,-11,-4
144,-1,-1,8,9,-1
145,0,9,3,1,6
146,1,-8,-10,-1,-5
147,8,13,13,7,5
148,-4,-5,-4,-9,-9
149,-3,-4,-4,-2,-2
150,1,7,5,7,11
151,8,4,4,0,-5
152,-10,-12,-2,0,2
153,4,1,-9,-11,-7
154,-5,1,1,8,6
155,3,2,5,-1,3
156,3,7,6,5,-3
157,-5,-11,-13,-7,-1
158,4,8,8,5,4
159,-5,-12,-8,-8,-8
160,0,8,7,10,8
161,4,8,6,3,1
162,1,-3,3,0,-1
163,7,0,-7,-1,0
164,-10,-11,-9,-1,-2
165,7,14,13,2,3
166,0,-5,-5,-7,-2
167,-7,-1,0,-1,-2
168,5,-3,0,3,2
169,10,13,9,6,2
170,-11,-6,-6,-4,-4
171,-4,-12,-13,-15,-13
172,-1,5,12,14,17
173,-1,-5,-7,5,0
174,1,2,-3,-7,-3
175,-1,13,13,3,0
176,0,-16,-8,-8,-2
177,0,6,3,6,5
178,4,0,-4,-6,-6
179,-4,-3,4,8,3
180,8,5,-3,-7,-1
181,-7,0,0,0,-5
182,3,-4,-2,6,8
183,-1,6,9,5,1
184,2,-6,-4,-2,0
185,7,7,0,1,-1
186,-12,-7,-3,-3,0
187,2,0,2,-4,-6
188,3,5,2,2,7
189,-5,0,0,4,0
190,4,10,8,2,0
191,-4,-18,-18,-12,-10
192,0,9,8,5,3
193,3,-5,2,-1,3
194,-3,-5,-8,-4,2
195,0,-1,5,2,-7
196,6,10,0,6,9
197,-3,0,7,3,0
198,6,-1,-5,-7,-8
199,-5,-1,3,5,5
200,-1,-5,-11,-13,-1
201,3,4,4,3,-7
202,1,0,7,11,11
203,-6,-5,-11,-10,-12
204,3,2,5,6,7
205,1,2,-1,-4,-2
206,-5,-5,3,5,4
207,1,8,6,1,1
208,1,-5,-5,-5,-2
209,8,11,3,5,2
210,-3,-4,1,0,-1
211,-3,-7,-7,-2,2
212,-1,12,8,2,-3
213,5,-6,0,2,3
214,-8,-9,-16,-2,1
215,0,3,5,-8,-7
216,3,7,6,7,4
217,1,-5,-4,-4,-1
218,-3,-1,3,-1,-4
219,3,-1,-1,2,0
220,1,3,-1,3,6
221,1,10,10,3,2
222,-3,-9,-10,-8,-7
223,-1,-4,-4,3,6
224,-2,-2,1,-2,-8
225,11,13,11,6,8
226,-11,-15,-11,-2,1
227,5,6,4,-1,-1
228,-4,2,7,3,1
229,-1,-3,-12,-1,-4
230,8,3,7,0,3
231,-8,-8,-10,-14,-1
232,11,15,16,16,0
233,-4,-7,-6,-4,-2
234,-7,-7,-6,-3,1
235,2,5,6,5,0
236,7,3,1,-1,1
237,-6,-5,-5,0,-2
238,0,2,-1,-9,1
239,-2,-4,0,2,-6
240,1,5,2,2,9
241,0,0,-1,-1,-9
242,1,-2,4,6,8
243,2,2,2,5,1
244,13,11,7,0,0
245,-15,-8,-11,-8,0
246,-2,-7,-3,-4,-3
247,2,0,-3,6,-3
248,2,4,11,0,4
249,-4,-1,-9,-9,2
250,-1,-1,1,3,-11
251,0,-5,-3,-2,0
252,5,8,5,4,5
253,3,3,8,9,6
254,-5,-3,-9,-12,-1
255,-1,-1,-1,0,-8
256,0,5,5,5,4
257,6,-3,0,3,4
258,-8,-2,1,-2,-6
259,1,-4,-10,4,4
260,13,12,17,2,2
261,-7,-1,-6,-6,-6
262,-4,-5,0,7,7
263,2,-4,2,-5,-4
264,-2,2,-9,-7,-2
265,-2,-1,2,5,1
266,5,4,9,5,5
267,-3,-7,-12,-12,-10
268,-1,4,3,4,5
269,-2,2,0,-1,2
270,0,-8,-3,-4,-12
271,0,2,-3,0,12
272,14,16,16,14,3
273,-7,-12,-9,-9,-4
274,1,2,3,4,-2
275,-8,-8,-3,4,5
276,0,11,3,-3,0
277,8,-3,-4,-3,-5
278,-6,-7,-6,1,6
279,0,1,1,-8,-2
280,4,5,9,11,-1
281,-5,-6,-11,-6,-1
282,1,0,1,6,1
283,2,8,8,-3,-1
284,-3,-6,-7,-7,-1
285,1,3,5,3,-6
286,-1,-5,0,5,9
287,0,0,0,-3,-4
288,11,12,7,6,6
289,-7,-5,-6,-6,-1
290,-4,2,3,4,1
291,0,-6,-3,-5,-6
292,0,9,4,3,-1
293,5,-5,-4,-3,-3
294,1,0,3,3,3
295,-7,1,2,2,2
296,4,-4,-4,-3,2
297,0,1,-3,-1,-2
298,0,0,0,-2,-1
299,0,0,9,8,5
300,-2,1,-2,-1,-2
301,8,3,0,1,3
302,-8,-4,-2,-3,-4
303,3,1,-5,-3,3
304,-2,-4,-3,-6,-2
305,-2,9,13,14,3
306,9,1,-3,-4,-5
307,2,-2,1,0,1
308,-8,-8,-11,-7,4
309,-4,3,8,6,-2
310,2,3,-3,-3,-2
311,5,0,5,4,1
312,-5,-7,-12,-8,-5
313,-2,1,3,2,8
314,5,2,4,9,0
315,-3,-3,-5,-11,0
316,2,4,2,-1,-11
317,-4,-1,1,1,10
318,3,2,0,4,-6
319,-2,-6,2,0,4
320,-1,4,-2,4,1
321,9,3,5,2,0
322,-5,-1,4,-1,-1
323,-3,1,-6,-5,-6
324,1,-2,2,3,7
325,-2,-2,-1,6,2
326,4,1,-5,-12,-1
327,-2,-1,-2,7,-1
328,2,0,4,4,2
329,-2,-3,0,-2,-2
330,4,7,1,-6,-5
331,-5,-2,1,6,7
332,0,-5,-1,-1,-4
333,1,3,-4,-6,-1
334,0,-1,0,-5,-1
335,1,7,7,7,6
336,-2,-8,0,2,-4
337,10,9,6,5,4
338,-4,-5,-12,-11,-11
339,-1,2,7,8,11
340,-6,-4,-8,-11,-9
341,1,-1,-2,4,2
342,1,4,14,9,6
343,5,2,-4,-4,-2
344,-7,-9,0,0,0
345,7,6,2,1,-2
346,-7,3,-6,-3,0
347,4,2,3,4,3
348,0,-5,4,2,0
349,5,8,3,1,1
350,-2,-8,-6,0,0
351,-6,1,-5,-10,-2
352,2,9,9,8,3
353,0,-10,-9,3,0
354,-3,-5,-7,-10,-8
355,3,1,2,7,8
356,4,6,7,-5,-1
357,-7,-8,-3,4,-3
358,2,1,-5,-5,-5
359,0,4,10,7,9
360,12,9,6,1,-1
361,-2,-2,-3,-3,-2
362,-10,-11,-3,-3,2
363,-2,3,-6,2,0
364,2,-1,1,4,1
365,0,-1,4,-7,0
366,-2,-1,-3,-3,-4
367,4,9,6,6,0
368,-3,-8,-7,0,3
369,6,12,10,2,1
370,-7,-13,-9,-6,0
371,2,3,9,6,0
372,7,10,0,0,-3
373,-3,-8,-5,1,2
374,-1,-2,-7,-2,-2
375,-1,2,5,-4,3
376,0,-1,3,4,0
377,-2,-2,-9,2,-2
378,0,0,0,-8,-3
379,3,3,11,6,1
380,0,-2,-5,0,4
381,-5,-5,-10,-2,0
382,0,12,11,-1,-2
383,7,-4,-4,-6,1
384,-5,-1,0,4,-2
385,-1,-3,4,1,-1
386,-1,9,5,4,3
387,5,-8,-9,2,-1
388,-2,3,0,-6,-1
389,6,2,4,7,3
390,-1,1,3,-1,0
391,0,-2,-3,-6,-7
392,-7,-5,-7,-8,6
393,6,7,7,9,-3
394,7,3,5,6,3
395,-13,-11,-14,-15,-10
396,0,-1,11,9,7
397,0,-1,-9,-7,4
398,6,6,11,11,-3
399,-7,-7,-15,-2,2
400,8,8,14,1,0
401,-8,-3,-8,-2,-3
402,2,1,8,3,1
403,-2,-3,-7,-10,3
404,5,6,3,7,-2
405,-3,-6,2,2,-1
406,2,5,4,0,1
407,2,-2,-9,-2,-4
408,-5,-3,-3,2,4
409,5,4,6,-6,-7
410,-6,-6,-9,-8,5
411,3,7,8,9,-4
412,6,1,2,0,0
413,-8,-6,-8,-2,-2
414,3,1,6,11,10
415,3,5,2,-3,-1
416,-4,3,0,-4,1
417,-3,-6,-5,-6,-8
418,2,3,10,9,4
419,-2,-8,-15,-13,-1
420,1,3,5,7,-4
421,0,-2,2,1,2
422,1,4,1,0,2
423,-1,1,-2,3,0
424,11,5,7,3,5
425,-8,-1,-2,-5,-7
426,-1,-5,-2,1,5
427,1,-1,-5,0,-3
428,0,4,9,2,3
429,-4,-4,-3,-3,-2
430,0,-2,-9,-4,0
431,1,13,14,9,4
432,-1,-9,-6,-4,-5
433,2,-4,-3,2,0
434,4,5,0,-1,3
435,-5,5,5,6,2
436,5,-1,1,-7,0
437,-4,-9,-9,-3,-5
438,3,8,9,4,3
439,3,-1,-3,2,-1
440,-8,-9,1,-5,1
441,2,14,4,9,2
442,-1,-11,-10,-12,-5
443,1,3,8,5,1
444,2,0,-7,-2,1
445,-4,-4,-3,1,3
446,2,2,2,-1,0
447,0,-2,3,-2,-9
448,2,1,0,3,1
449,-3,-2,-2,1,5
450,3,4,-1,6,2
451,-4,-5,-5,-18,-1
452,6,12,13,12,-1
453,-2,-6,-5,-3,-2
454,0,4,5,5,3
455,-2,-6,-9,-5,2
456,-1,0,1,9,0
457,0,-2,2,-7,-3
458,0,5,0,6,2
459,-1,-5,0,-7,1
460,5,3,2,2,-5
461,-3,-4,-8,-9,-2
462,2,5,5,13,6
463,1,4,6,0,-2
464,-5,-11,-2,0,0
465,4,4,-6,-9,1
466,0,2,6,2,1
467,0,-2,-7,-3,-6
468,-2,-2,9,8,4
469,4,5,-6,-3,2
470,-1,-2,1,0,-5
471,6,8,8,4,4
472,-9,-4,-7,-5,-5
473,2,11,11,9,7
474,0,-16,-13,-3,-2
475,-3,2,-1,-6,-1
476,6,6,7,7,3
477,-3,-4,-3,-6,0
478,-2,-3,-1,1,-2
479,-2,0,9,4,0
480,0,4,-1,1,2
481,4,7,1,0,0
482,-4,-12,-3,-4,-3
483,2,12,4,6,3
484,9,-5,-7,-9,-4
485,-11,0,-1,2,0
486,2,-9,2,2,0
487,-2,-1,-6,-9,2
488,1,2,-3,-3,-2
489,-1,-2,-1,10,1
490,1,1,0,-6,-6
491,5,6,16,11,7
492,-1,2,-5,1,1
493,-5,-9,-2,-5,-2
494,7,6,-4,2,1
495,-7,2,8,2,2
496,2,-4,-6,2,0
497,-1,-2,-3,-14,-1
498,11,9,8,12,1
499,-9,-9,-9,-7,-5
500,11,11,8,2,2
501,-9,-9,4,4,2
502,1,3,-7,-3,0
503,-3,1,4,5,1
504,-3,-9,-9,-2,-2
505,0,14,10,-1,1
506,0,-9,-3,4,1
507,4,1,1,-2,-2
508,-4,-5,-13,-5,-3
509,1,0,5,3,3
510,3,3,1,-3,-1
511,5,5,6,1,-2
512,-2,10,6,5,5
513,-4,-13,-9,-9,-2
514,-3,-5,-8,-4,-7
515,3,2,10,5,0
516,-3,-1,-3,5,5
517,5,7,0,-7,-1
518,-5,-8,0,-1,-5
519,1,6,5,5,8
520,0,0,-3,2,0
521,6,2,-1,-5,-3
522,-5,-5,-6,-6,-11
523,-1,-3,-2,-1,5
524,0,10,11,9,6
525,7,0,1,5,3
526,3,3,0,-2,-3
527,-9,-9,-3,0,4
528,0,-3,-8,-5,1
529,6,11,11,5,-2
530,-8,-13,-12,-4,0
531,5,5,3,-6,-6
532,-3,2,7,15,8
533,2,-3,-3,-8,-8
534,-4,-2,3,0,7
535,12,12,4,3,-3
536,-1,-3,-4,-1,-1
537,-8,-6,1,3,5
538,2,4,-1,-4,-6
539,-3,0,-3,1,6
540,-1,-2,0,3,-3
541,2,-2,4,-5,-5
542,-3,-4,-2,-2,4
543,12,11,2,7,2
544,-12,-11,-4,-5,-1
545,3,4,-3,-7,0
546,-1,2,1,1,-8
547,-1,-5,5,9,9
548,2,2,-4,1,1
549,5,4,6,-3,1
550,-8,-8,-11,-8,-5
551,9,10,12,10,5
552,-4,-3,-8,-5,0
553,-2,-4,-3,0,-8
554,1,7,12,5,5
555,-2,-3,3,4,2
556,-2,0,-9,-6,0
557,1,-4,-6,-10,-10
558,1,2,2,13,8
559,-1,12,12,2,2
560,6,-8,0,1,0
561,-1,1,-8,0,1
562,-2,-1,1,-9,-7
563,2,-3,7,9,6
564,-5,0,-7,-1,-1
565,0,-2,0,-7,-7
566,7,4,3,6,9
567,-3,3,-1,3,0
568,11,6,4,-3,-1
569,-8,-9,-5,-5,-7
570,-8,-3,-2,2,5
571,8,4,-1,-4,3
572,-3,6,9,8,0
573,1,-6,-6,0,-2
574,-2,-3,-3,-8,-1
575,2,0,0,1,-4
576,-6,-6,-4,-7,0
577,2,3,-1,9,3
578,1,2,7,6,3
579,-3,0,5,-1,1
580,2,-2,-11,-14,-3
581,-1,8,6,10,3
582,-1,-8,-6,-9,-4
583,0,-3,-5,8,1
584,5,7,8,-1,3
585,-2,2,3,-2,-2
586,-2,-2,-4,-1,-6
587,2,1,5,3,4
588,-3,-2,-5,-3,4
589,2,-4,-4,-7,-8
590,-2,7,7,9,5
591,5,-3,3,3,-1
592,1,2,0,3,3
593,-1,2,-2,0,-1
594,-1,-3,0,-6,-3
595,0,6,4,4,3
596,1,-1,1,4,2
597,-5,-11,-14,-8,-6
598,4,5,13,4,3
599,3,3,0,2,3
600,-7,-4,-4,-6,-7
601,0,-4,-9,-7,-4
602,4,11,13,10,7
603,-1,-8,-10,-9,0
604,-2,4,8,10,1
605,1,-5,0,-1,3
606,6,6,-2,0,-2
607,-7,-5,-7,-8,-3
608,-1,3,4,7,-1
609,1,-5,-6,0,2
610,7,6,13,1,1
611,-5,-3,-6,-2,0
612,-1,-1,-3,-7,-12
613,1,2,1,12,12
614,-1,-4,-2,-8,-1
615,-2,-1,-4,-5,2
616,2,15,15,11,1
617,-1,-4,3,4,1
618,2,-8,-15,-14,-9
619,-3,-3,12,13,7
620,0,1,-9,-5,2
621,3,10,8,2,-3
622,0,-7,-9,-7,-8
623,-1,2,7,9,9
624,-2,-3,-3,-6,0
625,2,0,1,3,-4
626,4,3,9,5,6
627,1,0,-11,-11,-6
628,-7,-5,-1,1,-1
629,11,11,8,6,4
630,-11,-6,-3,2,0
631,8,1,-5,-10,-8
632,2,2,3,3,10
633,-5,2,2,2,-7
634,-5,-12,-13,-11,4
635,0,11,13,15,4
636,5,0,-2,-4,-5
637,1,8,8,7,4
638,-2,-14,-8,-3,-1
639,4,3,3,1,1
640,-2,4,1,2,1
641,3,0,3,-1,-1
642,-5,-8,-11,-3,-4
643,-3,-3,-6,-5,-4
644,6,12,15,5,9
645,-7,-8,-10,-3,-7
646,2,-1,2,2,2
647,0,-2,-3,-10,4
648,3,8,7,10,-2
649,-3,-6,-4,-2,-2
650,-1,3,3,-2,-2
651,3,-3,-6,-3,3
652,0,4,3,3,2
653,-2,-5,-2,3,-5
654,5,9,10,3,4
655,-5,-4,-2,3,3
656,-1,-6,-4,-10,0
657,1,5,3,4,-3
658,0,-5,-3,5,2
659,1,3,-4,-8,-1
660,-3,0,3,8,1
661,3,4,2,-1,-2
662,-1,-6,-2,-9,-2
663,-2,0,-4,2,-5
664,1,9,10,6,7
665,3,-5,-7,-3,-1
666,1,-2,-2,-7,-7
667,-4,-3,-4,-4,-6
668,3,13,13,16,16
669,5,-6,-5,-3,-2
670,-7,6,8,2,0
671,6,-7,-10,-7,-6
672,-6,-6,-1,-4,0
673,0,0,-5,-5,-1
674,-2,3,12,13,10
675,0,2,-2,6,0
676,1,-5,-2,-7,-5
677,13,12,5,1,-1
678,-4,1,1,5,5
679,-6,-11,-8,-7,1
680,2,4,0,-5,-13
681,-5,-4,-1,0,9
682,8,5,2,3,-1
683,-7,-7,-2,-4,-6
684,1,15,10,12,9
685,-3,-9,-5,0,0
686,1,-7,-4,-8,-8
687,5,14,8,7,10
688,-3,-10,-7,-7,-3
689,-3,4,1,6,2
690,2,-3,-1,-6,-8
691,7,5,7,6,8
692,-9,-7,-10,-6,1
693,5,4,2,-3,-10
694,-4,-7,6,10,7
695,-1,7,-6,-8,3
696,5,2,5,4,-6
697,-2,7,5,6,5
698,0,-10,-8,-1,1
699,-2,1,3,-4,-1
700,0,-7,-5,-5,-4
701,0,2,-2,-3,-6
702,4,4,6,6,6
703,-1,-1,1,8,5
704,-2,-4,-1,-8,-8
705,8,9,1,2,2
706,-3,-4,-5,-7,5
707,-5,3,3,9,0
708,-2,-6,-3,-6,0
709,5,2,-1,-1,-8
710,3,5,5,6,9
711,-6,-3,4,2,0
712,0,-2,-7,-6,-2
713,-2,0,7,6,-1
714,9,4,-2,-4,3
715,-5,-5,-6,1,-2
716,-4,4,2,1,-1
717,1,-6,-7,-11,-8
718,-1,2,6,14,9
719,6,9,7,-2,2
720,2,-1,0,1,-3
721,-7,-5,-4,-5,3
722,12,6,3,6,0
723,-13,-10,-10,-6,-5
724,5,11,14,6,3
725,-2,-9,-9,-8,0
726,-1,4,0,-1,-6
727,-2,-1,4,4,8
728,7,1,-1,2,0
729,-5,-8,-10,-7,-2
730,4,6,6,7,-1
731,-2,3,4,2,0
732,1,1,-1,-6,-1
733,-2,-5,1,3,0
734,0,-4,-7,-3,-2
735,4,6,9,6,6
736,-7,-7,-11,-11,0
737,3,1,5,12,-1
738,-3,-2,-1,-11,-10
739,3,8,6,10,8
740,-2,-8,-7,-10,-9
741,10,15,11,12,12
742,-7,-11,-8,-10,-4
743,2,1,0,2,-1
744,2,2,1,5,5
745,-8,-8,-6,-4,-4
746,0,8,8,0,-4
747,1,3,-1,0,5
748,1,-9,0,4,-1
749,-1,2,6,4,4
750,6,3,-6,-2,-2
751,-6,-6,-9,-12,-2
752,8,9,7,6,3
753,-9,-1,-1,1,0
754,0,-9,3,2,-4
755,3,5,-6,-4,-2
756,4,4,5,0,6
757,-7,-8,-7,-3,-6
758,0,7,4,4,3
759,9,3,6,3,0
760,-9,-10,-7,-8,-6
761,0,0,2,6,10
762,10,18,11,6,-1
763,-6,-14,-9,-7,-6
764,3,6,5,4,4
765,-7,-9,0,0,0
766,2,10,0,1,1
767,-1,-10,-14,-16,-17
768,0,0,12,14,18
769,-1,-2,-1,2,-2
770,0,9,0,-2,3
771,4,-4,-4,-7,-8
772,2,4,2,3,8
773,-3,-3,-1,-1,-9
774,1,1,-3,1,1
775,2,2,6,6,5
776,-3,-2,2,-1,0
777,4,7,-1,-3,2
778,-2,-2,5,5,0
779,-4,-10,-17,-4,-4
780,1,2,4,-9,-4
781,-2,4,3,8,3
782,9,5,8,3,3
783,-6,-3,-4,0,-1
784,4,-1,2,1,2
785,1,2,-4,-5,2
786,-5,1,2,2,-5
787,-1,-5,-3,-3,5
788,3,0,5,3,-1
789,1,3,1,3,-2
790,-6,-7,-2,0,0
791,1,5,-5,-8,-4
792,3,-3,-2,-2,2
793,-1,-1,-3,1,-6
794,-3,-2,3,5,6
795,6,5,6,-1,5
796,-2,0,-5,-3,-1
797,1,-2,4,4,-5
798,-5,1,-2,-3,0
799,7,5,11,10,6
800,-6,-1,-3,-3,-2
801,-1,-8,-5,0,1
802,2,2,-3,-5,-7
803,-1,-2,-8,-8,6
804,0,7,10,7,-2
805,3,-5,-8,4,0
806,-2,0,3,-3,2
807,4,5,4,4,-2
808,12,10,10,4,4
809,-13,-2,-1,-1,-1
810,-5,-13,-13,-10,-2
811,7,6,6,3,1
812,-6,-4,-7,-6,1
813,9,7,8,8,1
814,-10,-5,-4,3,-3
815,0,-3,4,-3,2
816,15,15,6,5,1
817,-11,-14,-13,-12,-9
818,8,6,7,10,9
819,-6,-5,-6,-9,-10
820,-5,3,8,8,6
821,-1,-10,-16,-2,0
822,0,13,17,2,0
823,2,-11,-10,-2,3
824,2,2,3,3,0
825,-1,-1,-7,-14,-15
826,-1,0,14,15,15
827,3,2,-12,-7,-6
828,7,8,9,6,7
829,-11,-1,2,-1,-4
830,3,-7,-5,4,4
831,-4,-4,-4,-11,-1
832,1,6,5,3,-5
833,8,3,-1,4,3
834,4,3,5,4,3
835,-13,-10,-11,-16,-12
836,6,15,14,16,12
837,-4,-14,-14,-9,-4
838,-2,2,6,4,3
839,3,0,-4,-9,-11
840,0,-3,3,4,10
841,-3,-1,-8,-2,-5
842,2,6,14,10,5
843,7,1,-2,-2,1
844,-1,4,1,1,1
845,-7,-12,-14,-14,-1
846,0,0,0,15,1
847,1,2,17,-1,-2
848,4,11,-3,2,1
849,0,-5,-5,-10,0
850,-4,-5,-5,0,-1
851,2,4,6,7,2
852,-4,-6,-9,-10,-2
853,0,5,10,14,2
854,6,-1,2,-7,-1
855,-3,2,0,2,-3
856,-2,5,5,4,3
857,1,-7,-10,-11,-1
858,4,0,-1,1,-4
859,-6,1,1,-1,-5
860,0,-6,-7,-4,-2
861,10,11,14,15,13
862,-6,-7,-10,-2,-3
863,-1,3,6,-2,0
864,6,1,-1,-1,-3
865,0,1,1,-2,4
866,-9,-4,-5,4,0
867,1,4,4,0,2
868,0,-9,7,2,-1
869,5,8,-8,-9,-4
870,-4,-6,-4,-4,-2
871,-2,-2,-1,-1,1
872,2,2,0,9,-1
873,3,10,11,5,6
874,-1,-9,-6,-4,1
875,4,4,-2,-6,-10
876,2,4,5,8,9
877,-9,-11,-5,-9,-8
878,2,2,5,12,8
879,-3,-2,-9,-10,-6
880,7,7,7,9,6
881,-6,-5,-8,-8,-7
882,5,5,15,7,5
883,-6,8,0,1,3
884,6,-8,-3,-1,-3
885,-5,-6,-9,3,3
886,0,7,8,-4,0
887,3,-5,-9,-11,-9
888,4,4,8,7,8
889,-6,-3,-8,-4,-10
890,1,0,0,-3,7
891,-1,0,7,12,1
892,-2,2,0,1,3
893,1,-1,-3,-10,-9
894,2,6,7,7,7
895,0,-9,-3,2,0
896,-3,-3,-13,-5,-4
897,7,10,10,-1,-3
898,-2,-2,-1,-3,8
899,-4,-7,3,4,-1
900,0,2,-3,2,0
901,8,10,5,0,-4
902,-3,-7,1,4,5
903,-6,1,0,1,1
904,4,-2,-8,-7,-6
905,-2,10,10,4,5
906,2,-11,-11,-6,-8
907,-3,6,5,5,8
908,1,-1,0,-4,1
909,6,3,7,7,0
910,-5,-8,-2,-2,-2
911,-3,4,0,0,2
912,9,1,-6,-7,-11
913,-7,4,7,9,9
914,3,3,4,2,2
915,-3,-10,-12,-6,-4
916,3,0,1,-3,-1
917,-4,-4,4,3,1
918,1,2,-8,3,3
919,-1,1,3,-5,-5
920,1,1,-1,7,5
921,0,-3,5,-7,1
922,1,2,-2,4,-4
923,-1,4,6,4,4
924,-1,-6,-5,-8,-6
925,-1,-2,5,4,5
926,3,8,-7,-6,-6
927,0,-1,0,0,2
928,2,-1,2,5,0
929,-4,-5,-9,-4,-4
930,0,0,-1,-10,7
931,3,8,8,9,-7
932,-3,-6,-2,-3,2
933,-1,0,-2,1,4
934,9,8,8,6,2
935,-9,-5,-5,-4,-2
936,7,3,1,1,-5
937,-6,-7,-3,1,8
938,1,-1,5,0,-4
939,0,3,2,3,-1
940,-2,-2,-10,0,1
941,15,17,16,4,3
942,-13,-15,-15,0,0
943,6,9,10,-1,-1
944,-8,-5,-2,-2,1
945,0,-6,-3,-2,-5
946,7,6,5,2,6
947,-5,-1,-1,2,-1
948,4,3,-3,-7,-3
949,-3,-5,-2,1,0
950,-3,-5,-6,0,4
951,4,3,1,7,-1
952,4,6,7,-1,0
953,-2,-4,4,-2,-2
954,3,5,1,1,0
955,-6,-8,-4,1,1
956,-3,-2,-10,-9,-1
957,2,3,10,5,-3
958,6,5,0,3,5
959,-8,-4,-4,-8,-9
960,7,4,3,3,8
961,-6,2,0,3,-3
962,-1,-9,-4,-4,1
963,6,4,4,5,2
964,-1,0,5,-1,0
965,-2,-3,-10,1,0
966,-2,4,2,-9,-2
967,4,5,10,10,1
968,-4,-1,-1,1,1
969,6,-4,-9,-4,-3
970,-5,-5,-3,-9,-7
971,0,7,5,5,2
972,0,-7,-3,5,10
973,-1,3,7,0,-1
974,-1,-3,-11,-4,-4
975,1,-1,13,4,0
976,0,2,-12,-8,-7
977,1,-1,9,6,5
978,-1,5,-4,-4,-2
979,-1,-6,6,5,8
980,0,5,-4,-1,-5
981,2,2,-3,4,3
982,-1,-7,-5,-15,-10
983,0,1,3,10,9
984,-1,4,8,3,-1
985,0,-3,-6,-8,-3
986,3,2,2,8,7
987,0,-2,-4,-9,-1
988,-2,5,8,8,-4
989,2,-4,-2,0,2
990,-2,13,5,2,2
991,3,-12,-3,-2,-3
992,3,2,1,1,5
993,-6,-6,-9,-9,-4
994,0,0,-5,10,2
995,-1,3,15,3,2
996,0,1,-11,-11,-11
997,8,3,4,1,4
998,-6,-3,-1,0,-1
999,0,3,5,6,5
1000,-1,1,-1,1,1
1001,5,-2,-3,-8,-6
1002,-5,-4,2,3,5
1003,-1,-3,-6,-4,-4
1004,0,2,-2,2,6
1005,3,5,8,1,0
1006,0,-4,-6,7,1
1007,-2,0,-1,-12,-4
1008,6,9,8,6,4
1009,-7,-7,1,1,-7
1010,2,-2,1,4,3
1011,0,2,-9,-3,-2
1012,-2,-4,-1,2,6
1013,0,-1,-2,-9,-6
1014,0,0,0,3,2
1015,2,6,4,-2,-8
1016,-2,-2,5,7,11
1017,0,4,3,1,-3
1018,4,-2,-7,-9,3
1019,-1,1,2,9,-4
1020,-2,-6,-2,2,3
1021,1,1,-1,-8,-1
1022,3,5,8,5,-3
1023,-2,-1,3,3,6
1024,-1,0,-1,0,-1
1025,5,3,-2,-3,-3
1026,1,5,4,4,2
1027,-6,-6,-6,-7,-1
1028,2,-1,-5,-4,-10
1029,0,-1,1,0,1
1030,1,4,2,2,11
1031,-2,0,3,9,0
1032,4,-3,1,-3,-3
1033,-5,-5,-12,-14,-1
1034,8,8,15,18,5
1035,-6,-6,-13,-11,-6
1036,2,2,3,1,6
1037,-1,4,4,2,-4
1038,4,-1,6,7,3
1039,-5,-5,-7,-8,-5
1040,-2,0,6,8,4
1041,3,9,-3,-4,0
1042,-5,-10,0,-2,2
1043,9,10,4,5,-3
1044,-5,-6,-6,-7,2
1045,4,1,2,3,-4
1046,1,5,0,3,2
1047,-9,-10,-8,-11,2
1048,2,1,-1,9,-4
1049,-2,0,1,6,5
1050,6,3,2,-14,-13
1051,-3,6,8,8,12
1052,2,-7,-1,2,-1
1053,1,1,-7,-10,-2
1054,-3,-1,1,1,3
1055,-3,-1,5,5,0
1056,2,2,-6,-3,-5
1057,-1,8,8,5,1
1058,0,0,1,5,4
1059,4,-8,-6,-9,-3
1060,1,-1,-3,3,2
1061,-2,4,9,3,-1
1062,-3,-9,-12,-6,1
1063,7,8,8,4,2
1064,-7,-5,-5,-6,-6
1065,-1,-3,-4,8,5
1066,3,6,6,-8,-9
1067,6,2,9,9,8
1068,-2,1,-7,-3,-2
1069,-1,-4,-3,-3,2
1070,-4,0,-1,-5,-10
1071,-1,-4,-4,-3,3
1072,0,6,14,14,8
1073,1,-4,-12,-10,-4
1074,1,4,3,2,-4
1075,-2,-7,0,-2,8
1076,3,6,3,8,1
1077,-4,-6,-8,-13,-12
1078,2,2,1,3,10
1079,-2,-1,10,9,-2
1080,3,7,-4,-3,1
1081,-1,11,10,9,3
1082,1,-16,-16,-7,-4
1083,-3,6,6,-2,-1
1084,1,-7,-1,5,5
1085,2,0,-6,-10,-14
1086,1,4,6,12,12
1087,-3,12,11,1,2
1088,6,-9,-10,-8,0
1089,-6,-3,4,8,0
1090,1,-2,-9,-11,-8
1091,-2,-5,0,9,5
1092,2,14,9,0,0
1093,0,-5,5,2,3
1094,0,-5,-14,-11,0
1095,-2,-2,-2,-1,-3
1096,2,3,15,10,0
1097,2,6,-2,-2,-2
1098,-4,-9,-8,-2,-1
1099,1,1,-5,1,0
1100,1,-1,-1,-4,1
1101,6,13,13,5,1
1102,1,-4,-4,-3,-2
1103,-5,1,1,4,2
1104,-3,-11,-10,-3,2
1105,-1,7,7,-4,-7
1106,11,4,3,4,4
1107,-6,-5,-3,-4,5
1108,-4,0,5,6,-4
1109,4,-1,-4,4,4
1110,3,7,6,-3,-1
1111,-6,-9,-5,1,-2
1112,1,2,-2,-5,3
1113,6,5,2,0,-6
1114,-9,-8,2,3,5
1115,1,4,-5,-3,-1
1116,-1,-6,6,2,0
1117,1,1,-7,-3,2
1118,1,2,7,6,0
1119,4,2,-5,2,-1
1120,0,2,-1,-10,-6
1121,-4,-1,1,0,-4
1122,6,3,1,2,10
1123,-5,-3,6,4,1
1124,-1,-3,-12,-10,-10
1125,6,4,12,10,8
1126,-4,1,-6,-2,-5
1127,-3,-7,-2,2,5
1128,3,8,3,2,-1
1129,-2,-1,3,-1,1
1130,-2,0,-1,-4,-4
1131,7,0,1,3,2
1132,0,8,6,4,3
1133,-6,-12,-10,-10,-8
1134,1,2,6,7,5
1135,-2,-5,-11,-9,-4
1136,3,7,4,11,8
1137,-2,-2,0,-5,-4
1138,1,-1,-1,1,1
1139,0,9,7,1,-1
1140,9,-3,-2,1,0
1141,-7,-6,-4,-5,4
1142,-2,-1,-4,3,0
1143,6,4,11,6,0
1144,-8,-8,-8,0,0
1145,0,11,8,-5,-1
1146,2,-10,-14,-11,-2
1147,1,5,6,10,-1
1148,-3,3,7,0,2
1149,0,-8,-9,-8,-3
1150,1,-1,1,6,3
1151,-1,1,10,4,1
1152,6,9,-3,-2,-4
1153,-6,-8,2,2,5
1154,2,-1,-13,-9,-6
1155,-1,4,9,4,5
1156,-1,3,-3,8,1
1157,7,0,3,-7,-8
1158,-2,3,0,6,8
1159,6,6,7,0,-1
1160,-11,-15,-9,-6,-3
1161,3,4,-2,-5,-9
1162,-2,-2,2,4,8
1163,2,9,8,6,4
1164,2,-9,-5,0,-2
1165,1,1,-7,-9,-5
1166,-4,1,4,6,6
1167,-2,-7,-3,1,-2
1168,0,0,7,1,0
1169,8,8,-4,-5,-5
1170,-7,-5,-6,5,8
1171,4,4,4,-9,-7
1172,-4,10,11,12,8
1173,1,-11,-4,-1,0
1174,2,-2,-9,-13,-2
1175,11,13,11,12,2
1176,-13,-12,-8,-2,-3
1177,7,4,4,2,1
1178,-8,-5,-6,-6,-2
1179,0,-1,-2,-7,-1
1180,3,7,12,12,1
1181,-1,-7,-12,-10,-9
1182,-2,-2,-1,5,10
1183,0,0,0,-3,-1
1184,0,2,0,-5,2
1185,-1,5,5,10,-2
1186,2,-6,1,0,-1
1187,3,7,2,0,0
1188,-4,-6,-5,-5,2
1189,3,5,5,7,3
1190,0,-4,-5,-5,-6
1191,1,8,8,5,5
1192,-2,-8,-5,4,1
1193,0,1,-3,-3,-4
1194,0,3,2,-8,-1
1195,0,7,8,8,4
1196,4,-3,-2,-1,-2
1197,-5,-8,0,2,2
1198,10,8,-1,-2,-2
1199,-6,-4,-6,0,2
1200,-6,3,5,4,0
1201,6,-5,-3,-9,-2
1202,-6,0,-2,7,1
1203,0,-5,-5,-12,-7
1204,1,3,4,10,8
1205,1,0,1,-8,-5
1206,2,2,-2,1,-2
1207,-4,-1,1,3,8
1208,0,-3,-1,-4,-5
1209,10,8,9,9,3
1210,-9,2,0,3,2
1211,6,-5,-6,-10,-3
1212,-5,2,5,9,2
1213,-2,-2,-6,-5,-5
1214,0,-6,0,-6,-4
1215,0,-1,-7,1,10
1216,2,8,13,12,0
1217,-2,-2,-6,-5,-4
1218,3,3,1,-6,1
1219,-2,-4,-2,-3,-9
1220,9,11,11,14,12
1221,0,-1,-2,-3,-2
1222,-1,-4,-3,-5,1
1223,-8,-3,-2,2,-1
1224,1,3,0,2,0
1225,-1,2,2,1,1
1226,-1,-5,-5,-4,-6
1227,2,-6,0,-6,-5
1228,-2,6,6,8,7
1229,5,-3,-8,-9,4
1230,-5,-2,-1,1,-7
1231,3,3,1,4,6
1232,2,-1,0,1,-4
1233,-2,10,9,3,4
1234,-3,-3,-1,-1,2
1235,0,-12,-14,-5,-11
1236,1,1,1,-6,-1
1237,4,4,6,13,12
1238,-5,-5,9,0,-2
1239,4,8,-3,-1,-2
1240,-3,-4,-8,-2,-1
1241,10,7,13,6,4
1242,-10,-6,-9,-10,-6
1243,1,-2,-1,6,3
1244,1,2,2,-4,-4
1245,-3,-5,-10,0,1
1246,1,1,6,-2,4
1247,2,2,-3,3,-2
1248,-3,-2,2,-6,-4
1249,0,0,1,4,8
1250,0,5,0,-1,-8
1251,4,-2,4,3,3
1252,-3,0,-6,7,5
1253,0,9,14,-2,-1
1254,5,-5,-5,0,-1
1255,0,-1,-6,-6,-2
1256,-4,0,3,3,2
1257,-2,-2,-4,-6,-2
1258,6,3,8,8,1
1259,-6,4,-1,1,1
1260,6,-6,-3,-7,2
1261,1,6,5,9,1
1262,5,0,-3,-2,-1
1263,-8,1,5,1,1
1264,-4,-12,-9,-7,-2
1265,2,14,8,9,2
1266,-2,-9,-1,-1,-1
1267,2,-4,-8,-4,-4
1268,-1,10,9,2,4
1269,4,0,-2,-1,0
1270,-5,-12,-5,-8,-3
1271,9,12,9,9,1
1272,-5,-6,-11,-2,2
1273,2,0,1,-7,-2
1274,-5,4,2,3,0
1275,-1,-6,-4,4,-2
1276,0,1,2,-8,-5
1277,5,1,6,6,9
1278,-3,-2,-6,-4,-10
1279,3,5,3,4,8
1280,-4,-1,-3,3,2
1281,3,-3,-1,3,1
1282,4,10,8,-3,-2
1283,-6,-6,-1,2,1
1284,9,3,3,-1,1
1285,-9,-6,-8,-9,-10
1286,3,4,1,1,-1
1287,-4,3,4,4,8
1288,1,-2,1,1,-2
1289,-1,-5,-3,-2,3
1290,0,8,5,6,0
1291,8,0,-3,-4,1
1292,-8,-9,-4,-4,-8
1293,7,5,4,6,9
1294,-5,-6,-6,-9,-8
1295,-1,13,9,10,7
1296,4,-11,-2,2,1
1297,-6,-4,-11,-11,-4
1298,0,-2,7,7,3
1299,1,2,-5,-1,-5
1300,6,12,9,4,4
1301,5,-1,-2,-6,-6
1302,-6,3,3,3,4
1303,-5,-8,-6,-6,-3
1304,4,1,1,4,5
1305,-5,-4,-5,-1,-2
1306,0,-3,-3,4,4
1307,2,3,10,-3,-6
1308,-1,14,6,5,4
1309,5,-13,-12,-7,-6
1310,-6,3,3,0,3
1311,8,5,4,2,5
1312,-6,-12,-10,-10,-9
1313,8,14,13,13,5
1314,-5,-10,-5,-3,-1
1315,-2,-1,-5,0,0
1316,9,8,10,5,4
1317,-11,-11,-15,-9,-5
1318,1,3,4,6,6
1319,4,1,0,-10,-10
1320,-5,-5,2,10,7
1321,3,4,2,-2,-3
1322,3,9,4,0,3
1323,-2,-9,-2,1,-1
1324,8,13,7,5,4
1325,-10,-12,-13,-7,-2
1326,0,-1,8,2,2
1327,-3,3,-6,-3,-9
1328,3,2,2,4,6
1329,0,-3,-3,-8,-3
1330,1,0,9,10,4
1331,-2,-4,-11,-11,-8
1332,4,3,1,3,8
1333,-6,5,5,8,2
1334,2,-1,3,3,0
1335,-2,-4,-4,-9,-5
1336,8,13,9,8,4
1337,-7,-18,-18,-8,-8
1338,6,11,11,4,4
1339,0,-3,3,1,4
1340,-3,-2,-8,-8,-4
1341,1,9,9,7,1
1342,-5,-9,-9,-7,-7
1343,4,-2,2,8,7
1344,-4,-2,-4,-10,-2
1345,7,8,8,6,6
1346,-3,-7,-9,-7,-4
1347,-1,9,11,10,-1
1348,-3,-9,-7,-6,-2
1349,3,0,-4,3,7
1350,-2,2,6,-1,-6
1351,2,-2,-6,-3,-3
1352,-3,-3,0,0,5
1353,0,0,1,3,-4
1354,8,15,14,7,6
1355,-6,-6,-3,-2,-1
1356,-2,-8,-14,-13,3
1357,5,3,4,8,0
1358,-2,8,8,3,-5
1359,-3,-10,-10,-11,-2
1360,8,6,6,8,6
1361,-8,-6,-5,2,-3
1362,7,5,5,0,-2
1363,-7,-8,-8,-11,6
1364,5,11,11,16,-1
1365,-3,-3,-4,-5,1
1366,4,-1,-1,-1,-2
1367,-4,-5,-3,-7,-7
1368,0,4,9,14,8
1369,8,9,4,-2,-2
1370,-10,-15,-7,-5,3
1371,3,3,-4,-6,-10
1372,8,10,13,14,10
1373,-10,-9,-13,-13,-9
1374,0,-2,-1,0,1
1375,-1,0,-1,12,8
1376,10,8,7,-7,-4
1377,-9,-1,-1,-2,-3
1378,1,-7,-8,-5,-8
1379,-2,-2,7,14,14
1380,4,8,3,-4,-4
1381,-1,0,-3,-2,2
1382,-3,-8,-10,-14,3
1383,1,7,10,14,-1
1384,8,3,4,0,-3
1385,-3,3,2,3,1
1386,0,-2,-5,0,3
1387,-5,-7,-1,-7,0
1388,2,10,9,9,0
1389,2,0,-5,0,0
1390,-2,-8,-1,-4,-6
1391,-3,-5,-3,-5,-4
1392,0,0,-1,0,-1
1393,0,0,-8,-3,0
1394,6,7,7,5,10
1395,-6,-4,5,2,-1
1396,7,3,1,1,-4
1397,-2,1,-5,-3,-1
1398,-2,-4,-1,-2,6
1399,-1,1,-1,3,-2
1400,0,6,4,2,3
1401,2,-6,-3,-7,-4
1402,2,3,8,9,3
1403,-6,-5,2,1,0
1404,11,8,-5,-5,-2
1405,-5,-5,-1,2,2
1406,-3,-3,2,2,-1
1407,4,4,-4,-5,-7
1408,-6,-6,-9,3,9
1409,1,4,13,-1,-2
1410,0,0,-3,-3,-5
1411,1,-2,-2,1,6
1412,6,6,1,-1,1
1413,-4,2,1,0,-10
1414,2,-4,-1,0,10
1415,-2,-2,7,6,-3
1416,2,4,-7,2,2
1417,-4,-5,-1,-7,-6
1418,1,1,-4,-7,5
1419,-3,-4,4,11,-2
1420,-1,2,-4,2,3
1421,4,2,1,0,-1
1422,0,3,8,-2,-1
1423,-2,-2,-4,-2,1
1424,2,2,0,-2,-6
1425,1,-1,-2,6,5
1426,-1,-2,-1,-7,1
1427,-4,1,-1,0,-8
1428,3,2,5,1,7
1429,10,5,5,4,-1
1430,-11,-11,-2,2,1
1431,-1,3,-4,-6,-4
1432,3,0,-4,-3,-4
1433,0,-1,-1,4,4
1434,-2,7,8,3,6
1435,-2,-6,-3,-2,-6
1436,3,-2,-5,0,4
1437,0,0,1,1,-2
1438,-3,-3,-2,-2,-2
1439,4,6,7,6,5
1440,10,10,5,-3,2
1441,-13,-14,-7,5,0
1442,0,5,-1,-12,-7
1443,0,-3,-3,1,-3
1444,0,3,6,1,1
1445,1,-5,-9,-2,-3
1446,0,5,5,10,10
1447,1,-2,5,-5,-4
1448,-3,2,-2,-4,-1
1449,1,0,7,8,6
1450,0,3,-3,-1,-3
1451,3,1,-2,-2,3
1452,-2,-1,-2,2,-3
1453,8,0,6,4,4
1454,-9,-9,-1,-6,-2
1455,-1,2,5,5,2
1456,2,-1,-6,-3,-3
1457,2,6,4,2,1
1458,-4,0,-9,-8,-8
1459,2,-5,1,-1,1
1460,1,3,-1,4,9
1461,-3,-2,-5,-6,-10
1462,0,1,8,6,7
1463,0,-2,1,2,0
1464,15,12,4,3,3
1465,-12,-9,-8,-5,-3
1466,-3,5,7,2,-2
1467,0,-9,-3,2,5
1468,1,2,-5,-4,-2
1469,-1,-3,-1,4,1
1470,7,6,2,-4,1
1471,-4,-4,-2,-2,-6
1472,-3,-1,-5,1,6
1473,1,0,0,5,-1
1474,1,5,5,-8,-3
1475,2,-3,-2,-4,0
1476,5,7,10,11,3
1477,-8,-5,-3,-1,-3
1478,2,-1,-6,-3,1
1479,-1,1,3,-2,1
1480,-2,-5,0,0,-3
1481,5,7,2,4,4
1482,0,-1,1,-2,-7
1483,-5,-7,-8,-4,-3
1484,0,12,9,4,7
1485,2,-8,-9,-9,0
1486,-1,-3,9,10,1
1487,0,2,-10,-1,-4
1488,0,1,4,1,5
1489,1,2,1,0,-1
1490,2,8,9,3,0
1491,1,-6,-1,-1,3
1492,-2,-3,-4,-2,-2
1493,-2,1,-4,-4,-8
1494,3,7,5,6,10
1495,0,5,6,3,-1
1496,-1,-15,-12,0,0
1497,-1,5,5,-6,-2
1498,6,0,-3,3,1
1499,-4,-3,5,3,2
1500,-4,-5,-7,0,-2
1501,4,7,11,-1,-1
1502,-3,-3,-8,-5,3
1503,0,-2,1,-2,-1
1504,3,2,-4,-3,1
1505,8,13,11,10,-2
1506,-10,-9,-10,-8,-5
1507,-1,-6,-4,1,5
1508,5,16,15,8,0
1509,-5,-11,-10,-8,-7
1510,3,2,3,6,7
1511,-4,-8,-5,-9,-3
1512,3,2,-2,11,5
1513,1,12,12,1,-1
1514,3,-3,0,-2,1
1515,3,-1,-6,-7,-8
1516,-10,-6,4,6,5
1517,3,-1,-10,-7,-3
1518,8,7,7,3,3
1519,-11,2,1,3,2
1520,2,-10,-9,-11,-4
1521,5,4,4,16,5
1522,-6,-3,-3,-14,-12
1523,1,9,8,10,11
1524,3,-5,-2,-2,1
1525,-2,-5,-7,-10,-5
1526,8,9,11,12,3
1527,-8,1,1,3,1
1528,4,1,-2,-2,0
1529,1,-6,-4,-8,-1
1530,-6,1,1,7,1
1531,1,-6,-5,-9,-5
1532,-3,-2,-2,7,1
1533,3,12,16,5,5
1534,2,-7,-5,-5,-2
1535,0,7,-2,1,0
1536,-3,-9,-9,-3,-6
1537,10,12,12,4,6
1538,-11,-5,-5,-4,-4
1539,2,-4,-3,0,0
1540,1,4,7,3,2
1541,-4,4,0,-1,-1
1542,4,-10,-3,-3,3
1543,-2,4,-2,-1,-1
1544,-1,-5,-1,4,0
1545,8,6,8,3,2
1546,1,2,-5,-5,-7
1547,-5,-7,-2,-2,8
1548,-3,-3,-2,0,-6
1549,1,3,3,7,5
1550,2,0,-1,-6,-7
1551,-5,-4,-9,-7,-1
1552,12,16,18,15,8
1553,-12,-10,-10,-8,-5
1554,3,-4,-6,-8,0
1555,5,10,11,10,3
1556,-2,-7,-8,-6,-4
1557,-2,2,8,6,1
1558,5,1,-2,3,4
1559,0,0,-3,-8,-9
1560,-5,-3,2,11,10
1561,7,11,10,1,1
1562,-8,-13,-6,-1,-1
1563,-1,-1,-12,-4,-3
1564,-2,1,1,-11,-12
1565,10,7,10,12,14
1566,-10,-4,-6,-1,0
1567,0,-7,-3,-2,-4
1568,2,5,2,-7,-4
1569,4,2,4,6,10
1570,-2,-1,-3,-1,-2
1571,-1,0,2,-1,-8
1572,9,8,7,6,9
1573,-11,-12,-14,-12,-2
1574,2,3,2,1,-8
1575,-1,-1,-1,2,7
1576,-2,1,9,8,3
1577,3,3,-5,1,1
1578,9,6,6,-3,-5
1579,-7,-6,4,5,4
1580,-1,-4,-12,-10,-6
1581,4,5,6,4,5
1582,-7,-5,3,2,-4
1583,3,6,-5,-3,-2
1584,-1,-3,-2,6,8
1585,3,-1,-2,-11,-9
1586,-4,-4,3,5,0
1587,-2,3,5,5,8
1588,12,8,0,2,1
1589,-7,-8,-7,-8,-9
1590,7,8,11,9,9
1591,-4,-4,-5,-7,-3
1592,-6,-7,-2,0,-1
1593,0,2,-2,-2,4
1594,1,6,1,0,-8
1595,2,-1,1,5,8
1596,-3,-7,-8,-6,-10
1597,-1,3,3,9,8
1598,1,6,6,2,2
1599,0,-9,-5,-13,-11
1600,-1,6,3,3,3
1601,2,-5,-6,-2,2
1602,7,7,6,6,6
1603,1,2,8,3,-3
1604,-11,2,-3,-3,-2
1605,5,-3,-3,3,4
1606,-5,-8,-5,-9,-2
1607,5,7,5,10,3
1608,-2,6,4,-3,-1
1609,-3,-15,-12,4,0
1610,7,8,5,-9,-3
1611,-7,-5,-1,-1,2
1612,2,-2,-2,4,-2
1613,3,4,2,-6,0
1614,-1,1,1,1,-1
1615,-3,-6,-2,3,-1
1616,-1,5,3,4,4
1617,1,-3,-5,-9,-9
1618,3,2,0,14,11
1619,1,0,7,-9,0
1620,1,1,-4,8,-1
1621,-1,0,2,-9,-5
1622,-1,2,3,2,-1
1623,0,-3,-6,-5,2
1624,4,3,4,4,4
1625,1,5,8,9,1
1626,-7,-3,-5,-5,-2
1627,1,-3,-5,-3,-2
1628,11,8,7,8,4
1629,-9,-9,-10,-14,-10
1630,-4,-4,-3,8,4
1631,0,-1,12,2,3
1632,8,9,-4,-4,-5
1633,-1,3,6,5,5
1634,-3,-4,-2,-3,1
1635,-2,-5,-10,-4,1
1636,-2,1,1,-5,-2
1637,5,3,3,5,3
1638,-6,-8,2,5,-1
1639,1,1,-9,-14,-18
1640,5,5,5,12,12
1641,-5,-1,0,-5,-1
1642,2,6,5,7,7
1643,-2,-7,-5,-8,-11
1644,7,10,7,9,11
1645,-8,-13,-8,0,0
1646,7,10,5,-6,-5
1647,-6,-8,-4,-3,-3
1648,2,0,5,7,5
1649,5,5,0,-2,-1
1650,-2,-2,-3,3,2
1651,-5,-1,4,-1,-1
1652,2,5,-2,5,3
1653,3,4,3,-4,1
1654,-1,-8,2,4,0
1655,9,8,2,1,0
1656,-9,-7,-10,-9,-8
1657,0,4,8,7,8
1658,-4,-7,0,-2,-2
1659,3,4,-4,-1,0
1660,1,-2,-1,-5,-1
1661,3,2,-2,-2,1
1662,0,5,4,4,1
1663,-7,-12,-9,4,0
1664,-1,-1,1,-2,0
1665,3,7,2,-3,-6
1666,-2,6,6,7,6
1667,0,-7,-6,-12,0
1668,-1,-6,-5,2,1
1669,8,9,13,11,0
1670,-7,-7,-3,0,0
1671,0,5,-3,-11,-5
1672,-1,-4,1,2,-1
1673,5,2,3,4,6
1674,-3,7,0,5,-1
1675,-2,-6,-6,-10,1
1676,1,5,5,8,-1
1677,2,-4,4,1,0
1678,-1,1,-7,-7,-2
1679,-1,-4,-3,-6,3
1680,3,0,3,4,-4
1681,-3,1,-2,2,3
1682,2,-2,-3,3,1
1683,-1,0,5,-1,-2
1684,0,3,-1,-1,-1
1685,0,1,0,4,-1
1686,-2,2,3,-6,0
1687,2,-6,-7,0,-5
1688,2,3,10,4,8
1689,-4,4,-1,4,-1
1690,0,-8,-9,-14,-4
1691,2,7,10,13,5
1692,0,-6,-9,-7,0
1693,9,10,9,3,-6
1694,-8,-7,-5,-5,-2
1695,-2,-5,-4,1,-2
1696,3,3,7,4,6
1697,-4,5,-3,0,2
1698,3,0,0,2,2
1699,0,-6,4,-2,-1
1700,-2,-2,-2,-1,1
1701,10,15,7,7,1
1702,-6,-7,-8,-7,-2
1703,-2,-3,1,4,1
1704,0,3,-1,-4,-5
1705,0,-3,3,0,2
1706,-2,-5,3,7,4
1707,1,3,-9,-11,-3
1708,11,17,14,12,3
1709,-9,-11,-10,-8,-2
1710,-3,-6,0,3,0
1711,-1,-3,-5,5,2
1712,12,11,7,-5,-2
1713,-12,-5,-3,3,1
1714,5,1,0,0,0
1715,-4,-7,-3,2,1
1716,5,6,5,-5,-3
1717,-6,-7,-9,-2,2
1718,3,11,8,-2,-7
1719,-3,-11,-1,8,7
1720,0,2,-3,-8,-3
1721,7,7,4,3,1
1722,-6,-7,-6,-7,-9
1723,-1,2,-1,4,9
1724,0,3,3,-5,-3
1725,0,-6,4,4,-3
1726,3,4,-6,3,4
1727,6,6,12,3,5
1728,-5,-6,-12,-9,-13
1729,7,6,12,9,12
1730,-7,-6,-11,-6,-2
1731,4,3,6,4,-1
1732,-7,2,-1,-1,1
1733,7,1,6,4,0
1734,-8,-10,-10,-4,1
1735,1,5,2,-4,2
1736,0,1,0,7,0
1737,0,-5,6,-2,-1
1738,6,7,-4,2,1
1739,-6,-7,-7,-6,-6
1740,0,5,4,-3,-3
1741,-1,-5,-1,6,9
1742,1,6,8,2,0
1743,5,-1,-4,-5,-5
1744,-6,-2,1,2,-2
1745,6,10,5,4,5
1746,-6,-7,-9,-3,0
1747,5,-1,4,0,-2
1748,-1,-1,-3,2,4
1749,2,2,8,3,-1
1750,-5,0,-4,2,1
1751,-1,-2,-5,-13,-6
1752,3,-1,-1,8,1
1753,6,8,12,5,5
1754,-7,-7,-10,-8,-6
1755,-2,-6,-8,-12,3
1756,0,2,14,14,1
1757,1,2,-10,-7,-10
1758,-1,-2,5,3,2
1759,12,13,7,8,10
1760,-11,-14,-16,-8,-7
1761,0,6,8,-2,5
1762,0,-3,-5,7,2
1763,-1,3,4,-6,-3
1764,0,1,3,6,3
1765,5,-1,2,-1,-6
1766,-1,4,4,3,5
1767,-2,-9,-14,-7,-8
1768,2,3,9,4,4
1769,0,-1,-7,-4,4
1770,-3,-2,11,6,1
1771,-1,3,1,2,-2
1772,1,-3,-10,-10,-6
1773,-1,3,-1,-3,-2
1774,0,-2,-3,4,10
1775,1,-1,2,1,-2
1776,8,11,15,9,2
1777,-8,-10,-13,-4,-5
1778,3,7,9,1,4
1779,6,1,-2,-3,1
1780,-9,-4,-2,-1,-6
1781,2,1,-3,-4,-3
1782,-3,-8,3,3,9
1783,3,14,2,3,-1
1784,-2,-12,-6,-6,0
1785,-1,1,3,5,-2
1786,13,10,3,5,3
1787,-7,1,3,-1,-1
1788,0,-8,-9,-8,-2
1789,-4,-2,8,8,2
1790,0,7,1,1,0
1791,0,-7,-11,-11,-10
1792,5,12,12,10,9
1793,-5,-13,-7,-6,-4
1794,2,5,-2,0,5
1795,0,-4,-4,-3,0
1796,-3,-2,-1,-5,-16
1797,5,13,11,11,11
1798,-4,-5,-5,2,6
1799,3,-3,-3,-1,-1
1800,10,8,9,2,1
1801,-15,-13,-12,-13,-3
1802,0,3,12,13,2
1803,4,0,-7,-3,-5
1804,-2,0,-4,-8,-3
1805,0,-1,9,12,8
1806,-1,0,-10,-14,-6
1807,-1,-4,-4,2,-2
1808,3,4,6,11,7
1809,3,2,0,-5,0
1810,-5,-4,-2,-7,-8
1811,-1,4,2,0,5
1812,0,0,1,2,-3
1813,6,3,9,10,7
1814,-6,-2,-8,-6,-7
1815,8,7,9,8,7
1816,-6,-12,-14,-10,-9
1817,-1,-1,-1,-1,4
1818,1,7,8,5,4
1819,4,1,1,0,-4
1820,-1,0,-2,3,4
1821,-5,-9,2,-5,-5
1822,10,12,1,4,2
1823,-10,-11,-11,-12,-4
1824,0,-1,7,5,3
1825,4,13,5,9,4
1826,-4,-11,-9,-14,-2
1827,9,11,9,12,-1
1828,-3,-7,-7,-9,-3
1829,-6,13,13,13,7
1830,1,-18,-14,-11,-11
1831,4,4,2,3,11
1832,9,12,10,5,-1
1833,-13,-12,-8,-8,0
1834,5,5,8,10,2
1835,-6,-4,-11,-10,-1
1836,0,2,6,9,0
1837,9,3,2,-1,-1
1838,-2,-2,-5,-6,0
1839,1,-1,5,4,2
1840,-3,4,-2,-3,0
1841,-5,-6,-6,1,-3
1842,6,4,4,5,3
1843,4,6,7,-1,0
1844,-2,-8,-8,-4,0
1845,-8,-8,-9,1,-6
1846,0,3,3,-9,-3
1847,7,7,12,11,8
1848,-1,0,-3,-4,-2
1849,1,2,1,2,-2
1850,-7,-12,-3,2,2
1851,0,4,-5,-9,-6
1852,3,2,10,9,5
1853,2,2,-2,-2,-2
1854,-2,-3,-6,-2,0
1855,-3,-5,-4,-3,1
1856,6,6,8,6,-1
1857,-2,-2,-2,4,4
1858,-3,6,3,0,1
1859,3,-6,5,-2,-3
1860,-1,3,-10,-6,-3
1861,4,6,8,8,5
1862,-1,-5,-6,-4,0
1863,-6,-8,1,-4,0
1864,4,8,1,2,-1
1865,8,6,3,5,3
1866,-11,-13,-12,-13,-14
1867,-1,1,12,13,13
1868,0,-1,-4,-8,-9
1869,4,8,1,5,5
1870,-4,-2,4,4,4
1871,4,-2,-9,-8,-4
1872,-4,-1,8,7,4
1873,8,5,-5,-8,-10
1874,-4,-2,-2,6,10
1875,-1,-1,0,-8,-11
1876,2,-1,-2,3,4
1877,8,11,11,5,4
1878,-7,0,2,3,2
1879,-6,-12,-7,-7,1
1880,1,1,2,8,1
1881,-1,-4,-12,-6,-3
1882,0,0,14,2,3
1883,4,7,-7,-3,-1
1884,7,5,5,4,1
1885,-5,-7,7,3,-1
1886,-5,1,-7,-1,0
1887,1,4,3,-1,-1
1888,0,-9,-14,-7,-6
1889,3,12,12,9,8
1890,1,-7,-5,-5,-5
1891,-3,-2,-3,-6,2
1892,6,10,11,8,3
1893,-9,-15,-9,-7,-1
1894,1,1,5,3,-7
1895,8,12,3,8,8
1896,-6,-7,-1,-4,-2
1897,6,5,-2,3,1
1898,3,3,2,-4,-1
1899,-12,-5,2,2,2
1900,9,2,0,1,-1
1901,-7,-8,-5,-6,-3
1902,7,6,-3,8,4
1903,-6,-1,-1,-12,0
1904,10,6,10,9,-2
1905,-12,-10,-7,-4,-2
1906,6,5,-2,-4,1
1907,-6,-4,7,7,1
1908,-1,-4,-12,-6,2
1909,5,5,2,0,-1
1910,-4,-5,9,4,0
1911,-1,4,-8,-5,-8
1912,2,1,7,6,5
1913,3,0,-7,-8,4
1914,0,0,8,7,-5
1915,-2,13,5,5,4
1916,-3,-18,-12,-10,0
1917,0,3,1,5,-2
1918,11,8,7,2,-1
1919,1,0,-4,0,1
1920,-9,-8,1,3,3
1921,-3,2,-5,-10,0
1922,2,0,-1,0,-9
1923,-1,-5,-6,1,9
1924,-1,8,8,3,-3
1925,9,4,4,0,2
1926,-3,-4,-4,0,-6
1927,-6,-5,0,-5,3
1928,1,3,-1,0,-1
1929,4,2,1,0,5
1930,-5,-5,1,3,-9
1931,5,12,7,6,7
1932,2,-9,-10,-11,2
1933,-1,3,5,6,-4
1934,-2,-5,-3,-1,3
1935,-4,-3,-4,-2,-3
1936,1,-1,1,1,3
1937,4,4,0,5,1
1938,1,10,12,14,9
1939,-6,-3,-6,-2,-2
1940,1,-9,-4,-17,-13
1941,-1,-3,-6,9,8
1942,6,7,20,3,7
1943,-5,3,-5,-2,-6
1944,3,-5,-4,0,-1
1945,2,6,1,-5,-7
1946,-6,-6,-6,7,14
1947,15,14,13,1,0
1948,-6,-10,-11,-7,-1
1949,5,14,15,13,1
1950,9,0,-2,-5,-3
1951,-17,-7,-5,-7,-8
1952,-1,-9,-3,2,5
1953,4,7,2,-3,-3
1954,-8,-12,-6,6,9
1955,5,11,3,-3,-2
1956,-3,-7,1,-3,2
1957,-1,0,3,7,-2
1958,12,9,1,-3,-6
1959,-6,-4,-2,-1,9
1960,-6,-1,1,5,0
1961,-1,0,1,2,-4
1962,14,8,4,-4,2
1963,-11,-10,-12,-7,-8
1964,-4,3,6,11,6
1965,6,-3,-5,-8,-2
1966,13,18,14,9,6
1967,-13,-9,-4,-5,-7
1968,2,-1,6,5,6
1969,-8,-11,-11,-5,-6
1970,3,8,2,3,4
1971,1,-8,-5,-2,-1
1972,-2,-2,-8,-11,-2
1973,-1,15,20,13,1
1974,2,-10,-11,-5,4
1975,-1,-2,-9,-11,-13
1976,6,6,11,11,7
1977,5,2,1,-1,-4
1978,-4,1,0,2,5
1979,-7,-10,-2,-4,3
1980,2,-1,-3,-2,-2
1981,6,14,5,4,-3
1982,-7,-12,-5,-5,3
1983,2,0,-5,1,5
1984,-2,7,9,1,-14
1985,-1,-11,-10,-9,-1
1986,8,8,7,13,11
1987,-8,-7,10,7,4
1988,0,1,-5,-8,-2
1989,-1,-2,-13,-5,0
1990,8,17,16,8,1
1991,-4,-10,-13,0,-4
1992,2,4,10,-3,-1
1993,-7,-2,-6,-4,4
1994,1,-1,1,11,-2
1995,3,-5,1,-4,2
1996,-1,0,-2,-3,2
1997,10,15,11,7,-4
1998,-11,-9,-13,-3,-2
1999,5,-1,-1,-1,-1
2000,3,6,6,1,7
2001,-6,-10,7,4,-3
2002,0,0,-10,1,2
2003,5,14,7,-5,-6
2004,-5,-10,-1,1,5
2005,13,15,9,4,1
2006,-1,-8,-10,2,1
2007,-12,-9,-1,-10,-5
2008,-3,7,8,5,5
2009,0,4,-6,2,0
2010,10,-8,6,0,-1
2011,-11,-7,-2,1,0
2012,0,-2,-1,-6,-7
2013,0,3,-14,-11,-7
2014,4,3,1,0,2
2015,12,10,11,11,10
2016,-7,-8,-9,-6,-1
2017,-9,1,1,-3,2
2018,5,-6,3,5,1
2019,-1,-1,-7,-4,0
2020,4,5,2,-5,-5
2021,-4,3,3,6,1
2022,6,14,17,14,5
2023,6,-10,-10,-9,-3
2024,-10,-8,-8,-5,-8
2025,0,1,4,12,10
2026,4,8,4,-6,0
2027,-7,-1,-3,6,-2
2028,0,-11,1,-10,-5
2029,2,1,-7,-4,-7
2030,-5,4,1,0,12
2031,2,-3,1,1,-1
2032,0,5,4,13,4
2033,7,-3,-5,0,0
2034,-7,-6,-9,-19,-5
2035,-1,5,15,14,-1
2036,0,12,7,3,1
2037,3,-14,-10,3,5
2038,-2,-1,-10,-15,-12
2039,9,9,17,10,5
2040,-9,-4,-6,-8,-5
2041,6,1,-3,9,11
2042,-8,-11,-13,-25,-18
2043,5,16,18,29,18
2044,5,1,0,-10,1
2045,1,-2,1,3,-4
2046,-7,-8,-9,5,2
2047,1,0,11,-1,2
2048,-4,5,-8,-5,-4
2049,5,-5,8,6,0
2050,-4,1,-12,-1,-1
2051,-2,1,3,-5,-1
2052,7,3,4,-5,-5
2053,-4,-7,-5,0,9
2054,-2,-4,-9,-7,-9
2055,10,15,17,13,9
2056,-11,-16,-19,-15,-17
2057,15,23,27,23,18
2058,-14,-6,4,1,1
2059,-1,-3,-10,-5,-3
2060,3,0,2,-1,0
2061,1,-4,-13,-10,-7
2062,-2,-4,3,-1,-5
2063,9,6,0,10,13
2064,-9,-3,-3,-9,1
2065,1,-6,3,1,-9
2066,-1,1,8,7,4
2067,1,4,-4,-6,-4
2068,-2,15,7,14,10
2069,0,-18,-5,-12,-4
2070,2,1,-10,-4,3
2071,0,8,16,15,1
2072,4,-1,-10,-4,-1
2073,-1,-5,1,-3,-6
2074,6,10,6,4,7
2075,-2,-8,-6,-11,-13
2076,-8,-7,-9,4,10
2077,9,11,9,-2,-10
2078,-9,-10,-2,3,11
2079,12,16,6,6,1
2080,-5,-3,-3,-9,-1
2081,-6,0,0,0,1
2082,-1,-11,-6,4,-3
2083,7,5,1,-8,-2
2084,-8,-6,-6,10,6
2085,12,8,14,-1,-8
2086,-12,-8,-3,1,4
2087,6,8,-1,-2,-2
2088,-4,5,3,6,3
2089,8,-6,3,-4,1
2090,-4,3,-7,-2,-2
2091,2,10,10,3,2
2092,-9,-25,-23,-13,-15
2093,10,13,20,10,15
2094,-9,-11,-4,-3,-3
2095,0,3,-7,-8,4
2096,5,3,-2,5,-9
2097,-4,2,3,-1,10
2098,0,0,5,6,-10
2099,-2,-10,-13,0,6
2100,2,7,3,-14,-13
2101,-2,3,5,7,4
2102,18,10,8,7,4
2103,-11,-2,-2,5,4
2104,-7,-15,-13,-14,5
2105,3,3,1,-2,-11
2106,1,7,7,18,11
2107,4,-5,-3,-11,0
2108,1,8,9,2,-9
2109,-6,-9,10,11,8
2110,-3,-2,-17,-12,-5
2111,12,14,10,8,5
2112,-5,-3,-1,-2,-2
2113,-4,-13,-18,-13,-16
2114,3,4,8,4,19
2115,7,8,5,5,-5
2116,-12,-9,-8,-10,-12
2117,3,10,15,15,17
2118,15,11,5,3,-2
2119,-16,-14,-9,-7,-2
2120,-1,1,6,5,-1
2121,4,-5,-5,-2,2
2122,-3,14,8,4,1
2123,-3,-23,-22,-12,-9
2124,17,17,20,11,9
2125,-16,-16,-24,-15,-10
2126,-1,9,24,19,12
2127,0,0,-14,-11,0
2128,9,11,9,1,-8
2129,-1,-10,1,2,1
2130,-1,-3,-13,-3,4
2131,-7,-6,-4,-14,-3
2132,14,12,9,20,6
2133,-12,0,10,-1,-5
2134,8,2,-6,-1,1
2135,-2,-3,-2,-8,3
2136,-7,-6,-6,7,0
2137,8,4,7,-3,-8
2138,-6,6,4,1,8
2139,22,10,7,7,-2
2140,-24,-19,-18,-1,0
2141,6,3,3,-12,2
2142,7,4,2,1,-10
2143,-7,-8,-7,-1,2
2144,6,7,7,11,9
2145,-6,5,4,-4,-8
2146,10,-2,-1,-1,-1
2147,-12,-10,-3,3,6
2148,3,3,13,5,1
2149,1,5,-13,-10,1
2150,-6,-10,3,0,-3
2151,0,0,-9,-4,-11
2152,5,5,3,12,14
2153,-4,13,13,0,-2
2154,13,-4,-2,-4,-2
2155,-2,-3,-7,-4,3
2156,-12,-13,-9,-7,1
2157,3,11,9,12,-1
2158,-3,-10,-12,-11,-10
2159,1,1,10,10,11
2160,11,12,4,5,-1
2161,-15,-14,-10,-16,-10
2162,1,-1,-4,1,10
2163,1,5,22,16,0
2164,2,-2,-17,-10,0
2165,-3,-2,-6,-11,-2
2166,11,11,16,16,1
2167,-8,-7,-9,6,3
2168,14,15,12,-7,0
2169,-3,-7,-5,1,-1
2170,-14,-8,-10,-12,1
2171,5,7,17,15,-4
2172,14,6,3,4,4
2173,-17,-14,-19,-14,-5
2174,-2,-5,5,9,4
2175,0,8,-4,-2,-3
2176,5,12,13,0,0
2177,2,-8,-8,-8,4
2178,5,1,5,3,-2
2179,2,1,4,5,0
2180,-14,-7,-14,-4,-4
2181,1,0,4,-4,-2
2182,0,-5,-4,-1,-6
2183,-2,1,2,-2,7
2184,1,4,1,7,-3
2185,4,-3,7,5,7
2186,-4,-3,-17,-1,-4
2187,-1,1,14,-8,-8
2188,0,0,2,11,14
2189,6,10,-2,-7,-8
2190,-6,-10,-8,-4,4
2191,8,5,1,-1,-7
2192,1,1,2,1,0
2193,6,7,8,4,5
2194,-6,-5,0,4,2
2195,-8,-10,-17,-16,-3
2196,17,23,28,22,8
2197,-16,-8,-12,-9,-10
2198,0,-6,-7,9,10
2199,2,3,16,-3,0
2200,-3,-4,-12,-7,-2
2201,10,2,-2,-4,-1
2202,-10,-5,-7,-9,-1
2203,0,-2,7,8,-4
2204,-1,6,-3,1,-2
2205,1,-9,-1,12,9
2206,-1,1,5,-6,-7
2207,11,12,1,-2,4
2208,-1,3,14,9,3
2209,-5,-6,-15,-14,-13
2210,2,0,0,7,11
2211,4,5,5,2,2
2212,-11,-4,4,3,0
2213,10,2,-5,-2,-5
2214,-10,-6,-4,-5,-4
2215,17,10,5,4,3
2216,-15,-12,-1,2,2
2217,2,16,4,-3,2
2218,2,-12,-12,-2,-7
2219,-5,-9,3,-5,10
2220,4,13,6,3,-3
2221,-4,-13,-14,-1,3
2222,2,2,4,4,-7
2223,-2,-2,-6,-9,-11
2224,1,9,26,16,16
2225,4,-2,-20,-7,-5
2226,-2,0,0,-11,-4
2227,-4,-7,-2,0,-8
2228,10,20,17,16,19
2229,-10,-19,-10,-7,-5
2230,0,-1,-1,1,0
2231,15,16,10,8,3
2232,-10,-10,-10,-12,2
2233,-3,11,12,13,0
2234,3,-12,-6,-3,-2
2235,-5,-5,-8,-16,-5
2236,3,13,9,15,2
2237,-1,-1,0,-5,1
2238,6,-4,6,9,3
2239,-3,5,-2,-6,1
2240,2,-6,0,2,-5
2241,-4,12,-1,-3,0
2242,15,-2,4,5,5
2243,-8,-7,-14,-6,-5
2244,-7,-8,14,5,2
2245,-2,5,-13,-13,-12
2246,0,-6,-9,-9,13
2247,-1,14,15,16,-2
2248,2,-4,-3,-3,-4
2249,-1,-9,-12,-13,-14
2250,13,11,9,15,18
2251,-7,-5,-5,-4,-1
2252,-3,5,6,8,3
2253,-2,2,5,-3,1
2254,5,1,1,4,-4
2255,-4,-11,-14,-3,2
2256,6,4,17,2,3
2257,-9,-9,-2,5,-2
2258,1,1,-9,-13,-1
2259,9,11,3,6,2
2260,-8,-3,-3,-3,-4
2261,6,-1,3,0,4
2262,-7,-6,8,8,-3
2263,0,7,-7,-9,4
2264,1,-6,-12,-1,-9
2265,-2,1,0,-10,-2
2266,2,0,6,8,-1
2267,0,5,0,5,4
2268,6,5,8,2,8
2269,-1,-2,-4,-6,-3
2270,-7,-9,-8,-1,-1
2271,5,5,2,-6,-1
2272,4,4,4,8,-3
2273,-3,-2,7,8,4
2274,3,5,-2,-4,-3
2275,-8,-9,9,6,4
2276,0,2,-14,-13,3
2277,6,9,13,14,-1
2278,-3,-12,-15,-16,-13
2279,-1,-2,0,9,12
2280,-3,5,-1,-6,-1
2281,6,-3,3,0,0
2282,0,3,2,2,2
2283,-3,-2,-1,5,-8
2284,2,0,1,-7,-7
2285,11,10,3,5,10
2286,-15,-11,-12,-12,-14
2287,8,8,11,20,17
2288,-3,-8,1,-5,2
2289,5,5,-3,2,-2
2290,-7,6,8,1,1
2291,7,-6,-9,-5,2
2292,5,5,5,2,-4
2293,-9,-4,6,3,-1
2294,-7,2,-11,-6,-2
2295,5,5,9,3,-1
2296,-3,-6,-1,2,7
2297,0,-9,-15,-7,-7
2298,-1,-2,3,-7,6
2299,2,6,-2,0,-8
2300,2,4,6,3,-1
2301,-5,-10,4,4,10
2302,0,7,-9,7,1
2303,6,0,3,-4,-1
2304,-6,1,-1,-6,-13
2305,1,-9,9,8,11
2306,5,7,-8,-3,-5
2307,1,1,-3,-9,-3
2308,-2,4,5,17,10
2309,-3,-6,-2,-16,1
2310,2,-3,4,11,-8
2311,0,10,2,0,8
2312,-4,-14,2,-3,-9
2313,1,6,-10,-2,0
2314,3,0,17,11,8
2315,-2,-2,-23,-6,-7
2316,4,3,6,-5,1
2317,-6,-2,2,8,2
2318,5,11,5,-1,1
2319,0,-9,-3,2,2
2320,-2,6,2,-9,-11
2321,5,5,4,7,13
2322,-8,-17,-13,-11,-17
2323,8,18,14,10,12
2324,-7,-14,-9,-10,-10
2325,9,5,4,2,8
2326,-10,-10,3,3,3
2327,7,14,7,7,0
2328,-7,-9,-4,2,4
2329,10,13,2,1,0
2330,-5,-11,-15,-20,-5
2331,5,3,2,8,-1
2332,0,6,8,7,4
2333,11,7,5,5,1
2334,-11,-5,-2,0,-1
2335,-10,-6,-4,-7,-2
2336,0,-11,-14,-16,-5
2337,15,17,18,20,7
2338,-9,-7,-2,2,0
2339,5,4,3,-1,-2
2340,-9,-10,-16,-12,4
2341,4,4,8,13,-3
2342,-5,7,6,-5,-1
2343,6,-5,-7,-8,1
2344,-4,2,-1,9,3
2345,0,-7,-7,-13,-2
2346,-3,-1,5,4,-12
2347,3,-2,-7,4,13
2348,6,6,8,10,0
2349,-6,-2,-2,-11,-1
2350,1,-3,2,6,-1
2351,-1,5,-3,-9,0
2352,-3,-4,3,2,-11
2353,0,1,11,10,10
2354,2,0,-5,-1,4
2355,4,13,1,-5,-3
2356,-1,2,5,3,-1
2357,-5,-21,-7,-2,-1
2358,5,9,-4,-2,3
2359,-5,-6,6,8,2
2360,4,2,-10,-8,-9
2361,1,12,18,7,8
2362,-3,-7,-11,-11,-10
2363,3,-1,-2,0,9
2364,-4,0,-3,3,-6
2365,15,10,19,11,7
2366,-16,-19,-20,-16,-12
2367,4,4,1,7,6
2368,11,14,9,9,6
2369,-3,9,10,0,0
2370,-11,-23,-17,0,1
2371,1,10,9,-4,-4
2372,2,2,-2,-3,-4
2373,-4,-13,-14,-1,3
2374,5,7,6,-5,-3
2375,-3,-8,5,14,8
2376,-2,-1,0,-14,0
2377,4,3,-7,12,-1
2378,7,7,1,-15,-10
2379,-10,-9,2,3,11
2380,4,4,-4,8,-3
2381,0,-1,0,-14,2
2382,3,7,13,12,-6
2383,-4,-1,-4,4,7
2384,-4,15,11,2,-2
2385,9,-17,-14,-7,-6
2386,-7,4,-2,-2,7
2387,0,-5,2,-1,-11
2388,6,12,11,7,8
2389,-6,-17,-22,-11,-4
2390,6,5,16,10,2
2391,-2,1,-11,-8,3
2392,-6,15,22,14,3
2393,14,-7,-13,-11,-2
2394,-5,-7,4,6,-2
2395,7,10,2,-2,3
2396,-11,-14,3,4,-1
2397,2,14,-5,-5,-6
2398,4,-9,-10,-7,4
2399,-8,-6,3,1,-5
2400,-3,-3,-8,-7,-1
2401,8,6,2,8,5
2402,1,8,12,3,-4
2403,-1,4,2,4,5
2404,-4,-14,-8,-10,-2
2405,17,15,8,9,0
2406,-16,-16,0,-1,1
2407,-4,9,4,6,3
2408,-1,-7,-16,-10,2
2409,3,2,1,1,-11
2410,0,0,-1,-3,-1
2411,4,-2,7,8,12
2412,-6,-3,0,-7,-2
2413,7,17,10,12,1
2414,8,-2,-9,-10,-7
2415,-13,-8,2,6,4
2416,2,-6,-6,-4,-4
2417,-1,19,9,5,8
2418,2,-12,-10,-9,-6
2419,-2,-6,-6,-10,6
2420,-4,0,5,21,-2
2421,0,10,7,-5,-3
2422,1,-15,-15,-5,5
2423,12,13,14,0,0
2424,8,14,9,10,-1
2425,-16,-19,-16,-9,-10
2426,-3,-5,3,-4,7
2427,-2,1,-2,11,0
2428,3,3,-3,-5,3
2429,0,1,3,-4,-2
2430,2,-2,9,8,-1
2431,2,2,-5,-7,-7
2432,-3,1,-5,-4,-5
2433,-1,-7,-6,5,14
2434,-2,7,21,11,2
2435,13,5,-3,-7,-7
2436,-6,0,-7,-4,-1
2437,-5,-11,-10,-4,-2
2438,-3,1,-1,4,10
2439,3,2,9,5,-5
2440,-2,-6,2,-5,-4
2441,-1,5,-9,7,8
2442,5,1,14,-3,-3
2443,0,5,-7,-6,-8
2444,-2,-9,-7,-4,-5
2445,0,0,-4,-9,9
2446,-3,18,19,22,5
2447,8,-11,-10,-13,-8
2448,-2,14,12,16,11
2449,-1,-19,-15,-6,-7
2450,3,6,1,-9,-6
2451,-3,1,1,8,7
2452,-5,-4,7,-3,6
2453,6,1,-5,4,-2
2454,2,10,6,-2,2
2455,6,-4,6,5,-2
2456,1,2,-5,-1,2
2457,-12,1,-3,-5,-6
2458,-3,-13,-1,4,5
2459,4,0,-12,-11,-4
2460,5,10,12,15,5
2461,3,1,5,-6,-7
2462,6,5,0,0,5
2463,-5,-6,-7,-8,-11
2464,-6,-5,-3,10,11
2465,-5,-5,-3,0,2
2466,-2,8,4,-3,-9
2467,0,-13,-6,-8,-2
2468,1,1,9,11,8
2469,6,6,-4,-6,-9
2470,-4,4,12,11,12
2471,4,-3,-8,-7,-8
2472,18,19,12,7,8
2473,-18,-15,-11,-9,-3
2474,-6,-3,-2,0,1
2475,13,6,5,5,1
2476,-9,-7,-1,-4,-4
2477,-2,6,1,-1,-1
2478,-2,-10,-9,-3,-2
2479,6,7,14,9,6
2480,-7,4,-8,-3,0
2481,0,-13,-5,-4,-1
2482,6,4,5,4,-2
2483,3,10,-1,-3,4
2484,4,-2,-1,-3,-11
2485,-12,-4,-5,12,11
2486,2,-5,-1,-18,-6
2487,2,0,6,4,-6
2488,4,15,11,10,9
2489,-5,-13,-11,4,3
2490,-1,8,1,-3,1
2491,17,10,10,2,-2
2492,-19,-17,0,0,2
2493,14,10,-4,1,-1
2494,-4,-5,-5,-13,1
2495,-6,13,9,10,-3
2496,3,-14,-12,-7,-2
2497,0,10,13,7,4
2498,-4,-7,-11,-11,-9
2499,6,-4,-4,-3,-1
2500,4,14,14,15,11
2501,-3,-11,-12,-13,-8
2502,-6,-6,-6,7,5
2503,1,-2,14,0,-1
2504,-5,9,-3,3,-2
2505,1,7,3,1,5
2506,-1,-18,2,5,1
2507,8,9,2,-4,-4
2508,-5,2,-7,-7,-6
2509,5,-4,1,2,2
2510,-1,0,-8,-3,8
2511,-6,2,10,3,-6
2512,-1,-9,-16,-13,-14
2513,6,7,6,5,3
2514,-5,-5,0,4,15
2515,-1,-5,-3,-3,0
2516,5,9,2,2,-6
2517,-6,-6,-4,2,4
2518,4,4,5,1,-4
2519,-2,13,11,8,5
2520,2,-13,-14,-16,-2
2521,1,0,-1,2,-8
2522,12,13,14,11,7
2523,-16,-2,5,4,5
2524,6,-11,-13,-10,-4
2525,1,0,-2,-7,4
2526,-6,-2,-1,1,-8
2527,1,2,7,10,9
2528,3,1,-7,-9,-4
2529,-3,-6,1,13,4
2530,1,3,10,3,-1
2531,-4,1,-4,-7,-3
2532,1,-1,-9,-13,-14
2533,0,-3,-5,-4,18
2534,7,18,18,23,-1
2535,-1,-11,-4,-8,-9
2536,-2,-4,-12,-14,-8
2537,-2,7,18,18,13
2538,3,-5,-6,-6,2
2539,10,8,10,10,2
2540,-11,1,-3,-3,-3
2541,2,-3,-6,0,-1
2542,-3,-6,-11,-15,-6
2543,5,14,14,12,5
2544,-9,-15,-15,-6,0
2545,2,0,12,9,1
2546,4,7,9,5,5
2547,-5,-9,-20,-22,-10
2548,16,12,9,13,6
2549,-13,-13,-13,-9,-4
2550,-2,2,9,4,-6
2551,6,3,-3,-4,13
2552,4,8,7,8,-3
2553,-10,-14,-11,-13,-9
2554,4,17,14,17,7
2555,4,-7,-5,-2,1
2556,12,9,7,7,5
2557,-22,-17,-15,-13,-2
2558,1,-4,-5,-7,-5
2559,7,10,21,17,6
2560,3,0,-1,-5,-3
2561,-11,-6,-9,4,4
2562,0,-3,-11,-22,-11
2563,3,10,11,12,8
2564,8,2,7,4,-5
2565,-1,-4,-5,2,3
2566,-8,2,4,-3,0
2567,5,3,0,5,5
2568,6,3,0,-5,-12
2569,2,6,8,9,9
2570,-8,-15,2,3,3
2571,-6,-7,-26,-26,-21
2572,18,22,24,25,21
2573,-10,-14,-11,-12,-1
2574,-5,4,12,12,1
2575,-4,-3,-16,-9,-3
2576,3,5,7,-2,-8
2577,8,0,-3,-1,4
2578,-8,-13,-5,6,6
2579,-3,2,0,1,-5
2580,1,-2,-7,-6,-5
2581,7,15,16,7,11
2582,-1,-8,-6,-5,-2
2583,-7,-5,10,5,-3
2584,4,17,2,0,1
2585,15,0,1,3,2
2586,-13,-14,-6,0,1
2587,-2,-2,-15,-9,-7
2588,1,18,20,7,4
2589,-5,-19,-18,-19,-15
2590,9,8,5,11,16
2591,10,9,10,4,3
2592,-13,-10,-7,-6,-5
2593,-4,0,-3,1,-8
2594,9,0,-1,-4,7
2595,-2,6,13,16,5
2596,-3,-7,-14,-19,-1
2597,-3,-8,-8,-2,-5
2598,0,2,5,13,3
2599,3,7,11,-3,0
2600,-5,-7,-5,-3,3
2601,0,-1,-6,-8,-14
2602,8,12,11,13,15
2603,-2,-1,-2,-1,-10
2604,-5,-7,-8,-9,0
2605,6,6,20,19,10
2606,1,-5,-20,-18,-12
2607,-6,-6,-6,-6,-1
2608,1,8,12,14,4
2609,-3,-9,-7,3,4
2610,1,4,2,-5,1
2611,0,0,18,12,3
2612,3,-1,-21,-13,0
2613,-1,2,6,1,1
2614,-4,-3,-5,6,0
2615,3,3,1,3,0
2616,-1,1,2,-16,-14
2617,1,-5,-4,0,-6
2618,-3,13,11,11,12
2619,4,-6,-7,-7,-5
2620,-1,-6,-4,-2,10
2621,-1,8,9,5,-3
2622,2,-7,4,2,-5
2623,-1,6,-5,2,4
2624,5,6,5,8,7
2625,-8,-17,-19,-4,-4
2626,1,7,11,-8,-4
2627,7,4,3,3,1
2628,-4,-2,0,-5,3
2629,1,-1,6,10,0
2630,-4,15,4,0,3
2631,2,-19,-19,-19,-1
2632,1,14,13,12,-7
2633,2,-11,4,4,8
2634,3,8,-6,1,0
2635,-5,-6,2,-4,-2
2636,-4,-8,-12,-7,-8
2637,11,16,12,10,3
2638,-11,-3,-3,-5,6
2639,2,-8,-1,6,-1
2640,4,1,1,-1,2
2641,-5,-5,-13,-2,0
2642,-1,3,6,-4,-5
2643,14,11,11,12,4
2644,-13,-14,-11,-11,-5
2645,0,0,-6,-9,-1
2646,-1,1,14,13,1
2647,1,3,-5,-10,-11
2648,5,1,-2,3,8
2649,3,2,0,10,7
2650,-5,4,5,-4,-5
2651,0,-1,0,3,2
2652,4,3,12,3,2
2653,-4,-9,-20,-14,-8
2654,6,6,20,14,12
2655,-2,17,2,2,-2
2656,-5,-9,-5,2,2
2657,9,-1,-5,-9,-7
2658,-8,-7,-4,-2,0
2659,8,0,8,7,4
2660,1,2,-8,-11,3
2661,-13,-8,-4,0,-2
2662,12,6,7,6,-2
2663,-12,-9,-11,4,-1
2664,4,9,18,1,3
2665,-2,-8,-21,-14,-2
2666,4,10,11,2,-1
2667,-4,12,12,15,5
2668,5,-17,-16,-14,-5
2669,-5,0,8,3,-4
2670,1,4,-1,7,8
2671,-3,-8,-3,-4,-5
2672,7,6,-4,-3,4
2673,3,-1,2,-6,-12
2674,-8,-1,-4,1,-1
2675,6,1,3,4,12
2676,2,12,15,9,3
2677,-8,-20,-7,-6,-5
2678,6,6,-11,-3,1
2679,-4,-3,19,10,3
2680,1,4,-7,-5,-6
2681,4,0,-3,4,5
2682,-5,-4,-13,-20,-18
2683,4,5,9,15,15
2684,-7,-7,-8,-6,-7
2685,15,13,16,6,3
2686,-10,-8,-11,-9,-1
2687,-5,2,6,5,7
2688,11,11,10,9,-1
2689,-10,-19,-7,-2,-1
2690,0,7,-1,-4,1
2691,4,3,-2,-2,-1
2692,8,4,3,9,4
2693,2,7,6,1,0
2694,-11,-3,-2,-1,-2
2695,-5,-7,-7,-10,-8
2696,3,-4,-4,-5,-7
2697,6,2,0,1,6
2698,-7,-6,-1,12,7
2699,2,5,9,-4,-1
2700,2,-2,5,4,6
2701,-5,-7,-18,-14,-6
2702,1,4,9,17,6
2703,-2,6,-6,-13,-9
2704,2,-8,-5,-4,7
2705,10,12,18,12,-2
2706,-12,-14,-23,-21,4
2707,3,9,18,21,-3
2708,2,-3,-10,-7,-11
2709,-1,-1,0,-8,2
2710,-2,-1,0,7,4
2711,-2,-2,-2,-4,0
2712,9,12,10,10,3
2713,-2,-3,-1,6,4
2714,-6,-8,-5,1,1
2715,5,21,15,1,-1
2716,-1,-17,-4,-8,-3
2717,-1,2,-9,-1,0
2718,5,7,7,5,1
2719,-7,-8,7,1,1
2720,1,-1,-16,3,1
2721,-3,2,4,-12,-12
2722,0,-8,-9,-9,13
2723,4,7,10,7,-9
2724,-4,-6,-5,0,-1
2725,1,-2,-8,-12,9
2726,6,6,12,15,-7
2727,-7,-7,-11,3,4
2728,9,11,10,-5,-8
2729,-7,3,6,4,12
2730,16,7,5,4,-4
2731,-8,-5,-6,-2,-1
2732,-8,-3,-5,0,0
2733,0,-11,-9,-18,-15
2734,2,8,18,21,20
2735,-1,-4,-15,-13,-7
2736,8,9,16,11,4
2737,-6,-2,-11,-2,-2
2738,-4,-9,0,-8,-3
2739,5,2,-5,1,6
2740,-6,-4,1,-1,-15
2741,6,4,1,9,15
2742,-4,12,12,0,-4
2743,3,-11,-6,-6,-1
2744,0,3,-5,6,5
2745,0,7,11,0,-6
2746,16,10,6,7,7
2747,-13,-19,-12,-7,-7
2748,-8,-7,-15,-22,0
2749,6,13,13,16,-3
2750,-6,-14,-12,-4,-2
2751,0,7,12,1,11
2752,9,2,-2,-2,2
2753,-6,-5,15,15,-1
2754,-2,20,-2,-1,1
2755,7,-16,-13,-13,-17
2756,-8,-6,-8,8,12
2757,6,7,23,7,2
2758,-3,0,-16,-17,-3
2759,5,4,2,8,-5
2760,3,5,13,11,10
2761,-11,-3,-8,-8,-3
2762,6,-8,-7,-6,-6
2763,-4,-3,11,6,9
2764,1,6,-11,0,1
2765,2,10,13,4,-5
2766,-4,-15,-6,-3,4
2767,7,9,4,-1,-8
2768,4,-1,-9,5,8
2769,-12,7,8,-1,0
2770,2,-11,-12,-11,0
2771,-2,-9,-7,2,-10
2772,12,21,22,7,9
2773,-11,-17,-15,-15,-16
2774,0,17,12,12,13
2775,4,-14,-1,4,2
2776,7,6,-7,-12,-15
2777,-8,-6,-2,2,14
2778,0,1,-1,-3,-4
2779,4,5,7,7,6
2780,3,-1,-5,3,-1
2781,-11,-9,0,4,0
2782,11,15,6,-3,2
2783,-11,-17,-5,5,-1
2784,2,12,2,-8,-3
2785,7,0,-1,-5,1
2786,-7,-10,-10,-9,-2
2787,-2,4,18,19,1
2788,3,-3,8,5,5
2789,-3,6,-17,-7,0
2790,10,13,13,7,0
2791,-8,-14,-7,-11,-1
2792,-2,-4,-4,-4,-1
2793,8,4,-1,2,-5
2794,-8,-9,-8,1,-3
2795,0,9,4,0,5
2796,2,-5,7,3,4
2797,1,4,-5,-9,-6
2798,23,21,18,19,7
2799,-24,-23,-24,-24,-23
2800,9,6,7,18,22
2801,-5,-3,-1,-7,-5
2802,-3,6,3,6,5
2803,4,4,15,6,1
2804,-7,-8,-19,-5,0
2805,0,-11,5,-5,-1
2806,0,3,-9,-7,-2
2807,0,-2,10,8,-2
2808,2,7,-9,-11,-5
2809,3,0,6,7,-1
2810,4,4,3,12,11
2811,-8,-8,-13,-20,-14
2812,-1,-2,20,21,14
2813,6,14,-8,-10,-3
2814,-3,-2,3,-1,-7
2815,2,-8,-10,-9,9
2816,-3,-1,0,0,-10
2817,6,3,7,16,10
2818,0,6,9,1,-2
2819,-7,-9,-17,-13,-2
2820,-1,-5,1,1,-4
2821,0,1,5,8,8
2822,7,15,4,1,-2
2823,-3,-7,-4,-1,0
2824,4,1,-3,-12,-10
2825,-3,-3,9,9,4
2826,-3,9,9,10,8
2827,-2,-5,-14,-13,0
2828,10,0,-2,3,-2
2829,-7,-3,-2,-6,-3
2830,0,-5,-8,-4,-2
2831,5,8,17,12,0
2832,-8,-10,-19,-9,0
2833,14,18,19,15,5
2834,2,-3,-1,1,1
2835,-4,2,0,-7,2
2836,-9,-6,-1,2,-1
2837,2,-5,5,0,-1
2838,11,18,4,6,2
2839,-5,-12,-8,-6,-1
2840,-8,0,1,1,-5
2841,-3,-3,-5,-7,3
2842,16,15,12,11,3
2843,-14,-19,-17,-11,-11
2844,-2,-3,-4,-10,-5
2845,2,-1,-3,16,13
2846,10,11,15,5,1
2847,0,1,-4,-12,-8
2848,-10,-10,5,11,9
2849,2,10,4,0,-1
2850,8,2,-2,-2,-1
2851,-11,-13,-17,-22,0
2852,1,2,15,16,-3
2853,-2,-4,-11,-6,-3
2854,15,15,9,10,4
2855,-14,-6,-7,-10,-3
2856,7,3,7,11,5
2857,-8,-9,-1,-7,2
2858,0,3,4,8,-3
2859,15,10,2,-1,2
2860,0,0,6,3,1
2861,-15,-3,-9,-8,-8
2862,1,-9,-10,-8,-8
2863,1,1,7,12,14
2864,2,5,-4,-1,2
2865,-2,4,3,0,-2
2866,3,-10,6,-1,-6
2867,-1,2,-11,-8,7
2868,8,5,2,11,-1
2869,-4,8,8,-5,-1
2870,-7,-10,2,4,2
2871,-1,-10,-18,-5,-3
2872,1,16,20,10,5
2873,6,-8,-8,-2,-4
2874,10,16,8,2,2
2875,-14,-1,-1,-2,2
2876,9,-3,1,-1,-4
2877,-9,-4,-6,3,2
2878,2,0,1,-1,-1
2879,7,3,9,2,3
2880,-9,-16,-25,-21,-22
2881,-3,6,16,15,21
2882,7,7,3,3,0
2883,-7,-16,-4,-8,-1
2884,0,18,2,4,-5
2885,11,-6,-8,-2,1
2886,-10,-9,1,-5,5
2887,9,16,7,5,-4
2888,17,8,9,10,5
2889,-12,-9,-9,-9,0
2890,-4,-6,-5,-6,-9
2891,-10,-8,-9,-5,-5
2892,-1,-4,1,-4,1
2893,15,17,10,10,9
2894,-15,-16,-13,0,1
2895,14,15,14,1,-10
2896,-14,-10,-7,-2,-2
2897,5,6,7,2,7
2898,-5,-12,-10,-6,-9
2899,5,5,0,1,5
2900,-2,0,-2,1,8
2901,2,17,19,17,4
2902,0,-15,-14,-13,-12
2903,1,0,-4,4,3
2904,-4,3,6,-5,5
2905,5,5,4,6,-2
2906,-7,-6,1,-2,-3
2907,1,-6,0,6,7
2908,0,-2,-16,-16,-7
2909,8,10,9,2,-9
2910,-3,-4,-3,8,9
2911,-6,-1,18,6,6
2912,4,11,-2,-3,1
2913,17,7,3,3,1
2914,-8,-7,-2,-2,-4
2915,-7,1,-4,1,3
2916,5,-5,-6,-1,0
2917,-2,-2,-2,-11,-14
2918,-7,-4,3,5,8
2919,-1,17,9,8,5
2920,2,-8,-9,3,3
2921,-3,-8,2,-6,-6
2922,0,-8,-13,-17,-9
2923,2,16,11,10,4
2924,5,-1,9,9,10
2925,7,6,2,1,0
2926,-13,-18,-23,-4,-6
2927,11,18,18,4,6
2928,-11,-14,-11,-16,-18
2929,1,3,10,11,10
2930,2,-3,2,7,7
2931,-2,-1,-15,-12,-12
2932,-2,-2,-4,-11,10
2933,6,10,11,13,4
2934,-5,9,8,5,-2
2935,2,-18,-16,-14,-14
2936,17,16,16,16,15
2937,-14,-13,-13,-7,-6
2938,-2,-3,10,1,0
2939,-3,4,3,11,7
2940,4,-3,-7,-11,-5
2941,-5,-6,-11,7,3
2942,0,15,18,-3,1
2943,1,-10,-2,2,-3
2944,12,10,-6,-1,-1
2945,-11,1,11,2,4
2946,2,-8,-17,-9,-3
2947,-2,3,5,-3,-5
2948,6,12,10,14,8
2949,-2,-15,-13,-6,0
2950,-4,0,6,0,1
2951,2,6,2,0,-3
2952,-4,-9,-1,1,3
2953,13,19,6,0,-4
2954,-11,-8,-1,5,3
2955,11,-1,-2,-8,-1
2956,-8,-1,-1,5,-2
2957,-4,-11,-17,-6,-5
2958,4,9,9,2,4
2959,-5,11,12,2,-1
2960,4,-13,-3,-2,6
2961,-3,-5,-7,-3,-4
2962,9,5,2,1,-3
2963,4,6,0,-4,3
2964,-14,-15,-7,7,2
2965,4,13,10,-1,2
2966,5,-3,-7,-6,-13
2967,8,9,9,12,13
2968,-17,-3,3,2,-1
2969,4,-13,2,-1,0
2970,6,6,-14,-12,-9
2971,-6,2,9,10,10
2972,2,1,-3,2,0
2973,0,5,6,-5,-2
2974,1,-4,-10,-4,-3
2975,-5,-10,-4,-5,-10
2976,-1,-2,2,4,15
2977,-1,1,6,6,-5
2978,8,5,-10,-15,2
2979,0,0,6,15,-1
2980,-6,4,-1,-12,-1
2981,-1,-11,-12,4,3
2982,-1,0,13,3,-1
2983,3,14,2,2,-1
2984,9,-3,-1,7,3
2985,-12,-12,-9,-18,0
2986,6,12,6,11,-3
2987,-5,-4,-1,2,3
2988,3,3,9,6,0
2989,-3,-7,-8,-11,-7
2990,14,18,13,10,8
2991,-14,-17,-5,-8,-1
2992,3,5,-6,6,-2
2993,-3,-5,-8,-18,-2
2994,-1,-1,-1,6,-11
2995,1,-1,14,13,16
2996,15,13,-2,-6,-2
2997,-16,-16,-17,-7,-9
2998,11,14,22,8,10
2999,0,3,-4,5,-2
3000,-9,-4,0,-10,0
3001,3,-4,-7,-6,-4
3002,3,0,0,7,-2
3003,-4,-3,-3,-5,-3
3004,2,9,9,7,12
3005,-4,-10,-6,2,-3
3006,5,3,1,-2,2
3007,-1,-2,-4,-8,-14
3008,4,4,5,8,12
3009,-6,2,3,-3,-3
3010,0,-7,3,7,3
3011,5,7,5,1,1
3012,-6,-8,-15,-17,-18
3013,-1,5,6,14,16
3014,-1,-1,-3,-11,3
3015,11,12,11,13,-2
3016,-2,-10,-1,-1,0
3017,-6,-3,-6,-7,2
3018,-3,-6,-8,-4,0
3019,7,12,7,9,-7
3020,-7,-1,6,0,8
3021,0,-10,4,4,0
3022,7,8,-12,-6,0
3023,-6,-6,-9,-6,-13
3024,0,0,4,-1,13
3025,-2,-1,-2,2,0
3026,2,0,11,2,-11
3027,6,13,-1,-1,0
3028,-2,-9,-9,10,10
3029,3,12,12,-1,-3
3030,1,-6,-4,0,1
3031,-5,0,-1,-2,-4
3032,-4,-10,2,3,6
3033,5,13,0,-9,-10
3034,-4,-9,-7,-5,7
3035,5,2,6,7,4
3036,-5,5,4,0,-9
3037,1,3,7,10,7
3038,3,-2,-9,-1,1
3039,-6,8,9,-2,-1
3040,0,-23,-17,-12,-8
3041,0,7,4,9,7
3042,2,-4,-5,-6,-2
3043,6,9,4,12,5
3044,-7,-7,-5,-22,-7
3045,9,7,6,12,3
3046,-9,-1,-2,-3,-4
3047,0,-8,1,-4,2
3048,-1,2,2,16,5
3049,3,-2,-2,-7,-3
3050,-1,1,-6,-14,-19
3051,5,9,9,13,23
3052,-5,-1,0,-2,-9
3053,0,-2,1,1,7
3054,-2,-3,-8,7,-2
3055,6,1,9,2,4
3056,1,6,-1,-11,-10
3057,-2,-1,-3,-4,-8
3058,-4,-6,-6,-4,-1
3059,1,1,4,8,11
3060,11,9,12,12,7
3061,-13,-12,-16,-21,-13
3062,2,-2,-2,11,13
3063,2,1,-1,-7,-3
3064,-2,6,12,8,4
3065,3,10,12,8,-3
3066,6,-7,-7,-7,-2
3067,-10,-4,-9,-4,0
3068,1,1,-2,3,-3
3069,-2,0,12,5,2
3070,1,-1,-11,-10,-3
3071,-1,-7,-7,11,5
3072,1,5,18,3,4
3073,8,7,-3,-3,-3
3074,1,5,3,0,2
3075,-10,-14,-7,-8,-1
3076,5,4,-5,3,0
3077,1,2,1,-1,-8
3078,-2,-7,-5,-7,-5
3079,1,4,12,6,12
3080,9,7,-2,2,-2
3081,-13,-10,0,1,1
3082,-1,-4,-2,-8,-12
3083,5,15,5,16,16
3084,6,9,6,1,0
3085,-9,-4,-4,-3,-3
3086,20,4,7,1,1
3087,-12,-10,-13,-3,1
3088,-4,-8,10,2,-1
3089,-2,8,-4,-5,-1
3090,6,3,-3,-2,-7
3091,-9,-10,-10,-5,7
3092,6,3,11,7,-3
3093,-5,-1,-5,7,5
3094,2,-3,-4,-15,-10
3095,-1,1,3,6,8
3096,0,-4,-1,-3,-2
3097,11,13,5,6,-2
3098,-10,-8,2,6,7
3099,-4,1,-9,-17,0
3100,7,8,14,12,-4
3101,-5,-11,-17,-10,-11
3102,-1,-3,3,2,6
3103,0,6,4,5,8
3104,2,-5,-3,-8,-4
3105,-3,13,15,13,5
3106,7,-8,-15,-15,-15
3107,-3,-4,-1,12,11
3108,0,-1,1,-9,4
3109,-3,-4,-10,-6,0
3110,13,16,18,15,-5
3111,5,4,8,4,2
3112,-17,1,-4,-5,3
3113,15,-3,2,2,-3
3114,-11,-3,-3,-3,1
3115,-5,-14,-18,9,2
3116,4,4,11,-11,-8
3117,-5,-6,-4,3,4
3118,14,22,13,5,3
3119,-13,-7,-9,-9,-9
3120,-1,-13,-4,-3,-1
3121,10,11,10,11,7
3122,-5,-5,-5,-10,4
3123,-5,-6,-11,-11,-23
3124,12,10,17,16,15
3125,4,6,0,5,7
3126,-10,-10,-8,-13,-2
3127,-6,-2,2,8,-5
3128,4,-1,1,-5,-6
3129,-4,-3,-9,-1,14
3130,0,14,13,7,-8
3131,1,-10,-6,-2,7
3132,8,7,3,-3,-11
3133,-5,-8,-6,9,12
3134,12,15,8,0,-3
3135,-10,-8,-8,-13,-10
3136,-3,-9,-7,16,13
3137,3,10,11,-10,-11
3138,-6,-2,-2,-3,11
3139,7,-2,-4,-3,-3
3140,9,11,11,13,0
3141,-11,-12,-13,-4,-2
3142,5,2,8,-3,-3
3143,-3,2,6,4,8
3144,-3,-7,-16,-5,-10
3145,-1,-2,3,-9,10
3146,5,11,6,9,-1
3147,-8,-12,4,5,-6
3148,2,7,-1,-1,5
3149,-1,-1,7,3,0
3150,18,13,1,0,-3
3151,-19,-21,-4,-2,-2
3152,1,2,-16,-11,7
3153,10,14,10,3,-12
3154,-9,-12,-10,-4,-6
3155,11,23,23,17,18
3156,-10,-24,-22,-19,-4
3157,1,3,12,10,3
3158,-3,-5,-14,-14,-12
3159,0,6,15,15,8
3160,8,2,9,8,3
3161,-7,2,-18,-12,-11
3162,6,-1,6,4,7
3163,-3,6,1,-1,4
3164,19,10,10,8,0
3165,-21,-22,-9,-9,-9
3166,12,14,6,8,8
3167,-8,-4,-9,0,2
3168,0,5,3,-6,-2
3169,3,2,3,5,3
3170,-7,-16,-4,0,-2
3171,-3,0,-3,-8,-3
3172,2,4,10,9,1
3173,4,0,5,3,4
3174,2,2,-17,-12,0
3175,-5,2,1,1,-4
3176,-3,-3,4,0,-8
3177,1,-3,-3,5,11
3178,7,4,-2,-11,-11
3179,-7,-10,-11,-11,-10
3180,3,6,17,17,14
3181,1,2,-8,6,2
3182,5,1,12,-2,0
3183,-9,-9,-9,-7,-9
3184,4,5,-5,-5,-3
3185,-4,3,6,10,12
3186,9,4,11,5,3
3187,-8,-9,-7,0,0
3188,9,14,4,-1,-1
3189,-7,-4,-7,-8,1
3190,-1,-2,1,3,-1
3191,9,2,0,10,3
3192,-12,5,2,-11,-8
3193,2,-14,-14,-2,0
3194,6,13,13,8,8
3195,-5,1,7,4,1
3196,12,9,4,0,-1
3197,-13,-25,-12,-9,-5
3198,-2,3,-8,-10,4
3199,9,12,9,10,-7
3200,-9,-17,-12,-2,-4
3201,12,17,13,5,11
3202,-12,-3,-4,1,2
3203,3,-10,-3,-12,-13
3204,5,17,11,13,8
3205,-8,-19,-17,-14,-13
3206,5,5,7,3,3
3207,-2,-4,0,2,6
3208,-2,14,5,5,0
3209,2,-11,-5,3,3
3210,7,5,7,-4,-1
3211,-1,6,0,11,7
3212,-5,-11,-5,-14,-9
3213,-3,1,3,3,4
3214,-1,2,-6,3,-1
3215,0,-7,-7,-10,-9
3216,7,12,13,9,10
3217,-1,-1,-3,-3,-3
3218,2,9,9,10,6
3219,3,-11,-8,-4,-4
3220,-4,8,7,2,6
3221,-7,-12,-10,-6,-10
3222,10,11,6,5,5
3223,1,-8,-1,-4,-1
3224,-11,-9,-16,-11,-14
3225,3,18,18,12,13
3226,-3,-15,-15,-5,3
3227,6,3,9,2,3
3228,4,6,4,2,-4
3229,-3,3,-1,6,3
3230,-3,8,11,0,2
3231,0,-15,-13,-6,-3
3232,0,-1,-2,-1,1
3233,12,13,11,7,2
3234,-10,3,1,-3,-2
3235,-1,-11,-9,-8,-11
3236,-4,-5,-7,-3,2
3237,7,5,5,14,9
3238,-2,-7,0,-9,-3
3239,1,3,1,3,3
3240,13,13,10,5,-1
3241,-12,-6,-7,-3,-2
3242,-6,-14,-11,-6,-5
3243,12,14,12,5,5
3244,-14,-16,-8,-4,2
3245,7,16,6,-1,-5
3246,11,2,3,5,7
3247,-12,-12,-8,-3,-10
3248,5,5,0,-5,11
3249,-7,-8,-1,1,-4
3250,9,10,4,3,-4
3251,-9,4,6,7,3
3252,-1,-14,-12,-16,2
3253,0,10,9,15,2
3254,2,-9,-9,-13,-11
3255,14,14,12,10,6
3256,-11,9,7,6,5
3257,-5,-25,-19,-12,-7
3258,7,16,11,5,1
3259,-5,-13,-9,-1,3
3260,6,7,6,2,4
3261,-6,0,-3,-5,-1
3262,-4,-8,-5,-5,0
3263,0,-3,-5,-4,-16
3264,8,12,11,17,15
3265,1,-4,9,1,1
3266,2,11,-1,-2,-5
3267,-9,-9,-10,-4,5
3268,-2,-10,-10,-5,-8
3269,-1,1,0,-9,2
3270,6,5,8,12,3
3271,4,9,9,7,4
3272,0,-3,-5,-6,-9
3273,-10,-9,-10,-5,-5
3274,0,-4,11,4,6
3275,3,4,-7,6,1
3276,-1,-2,-3,-14,5
3277,-2,-3,-3,12,-1
3278,0,4,18,-1,2
3279,4,9,-8,-2,-7
3280,0,-6,1,-4,-3
3281,2,0,-3,13,11
3282,-6,1,1,-13,-16
3283,3,-2,-2,9,13
3284,0,0,18,4,1
3285,2,4,-17,-7,-6
3286,0,0,0,-5,2
3287,2,5,10,8,-1
3288,-2,-5,-10,-2,3
3289,6,3,2,-8,-11
3290,-7,0,9,9,11
3291,3,-2,-9,-1,3
3292,4,2,5,0,-4
3293,-11,-9,-4,-8,-5
3294,3,11,1,5,4
3295,9,-1,10,7,4
3296,-6,-5,-15,-8,2
3297,-3,-5,-6,-6,-1
3298,0,10,11,8,1
3299,0,1,10,8,-1
3300,-2,-8,-12,-13,-14
3301,1,5,13,11,15
3302,4,-1,-14,-10,-7
3303,-5,2,11,8,2
3304,4,0,-7,-4,-3
3305,6,9,6,4,3
3306,4,-4,-4,-2,1
3307,-12,-15,-13,1,2
3308,1,5,3,-11,-17
3309,-1,8,8,4,14
3310,-1,-11,5,10,0
3311,-2,0,-10,-8,-8
3312,0,11,14,7,13
3313,7,-3,-10,-3,-3
3314,-6,1,7,2,0
3315,9,-4,-8,4,3
3316,-7,-7,5,-8,-7
3317,5,7,-4,3,0
3318,0,-2,-2,-6,5
3319,-8,-8,-10,11,1
3320,14,17,19,-6,-7
3321,-10,-13,-17,-1,4
3322,-3,-2,8,-6,-7
3323,0,10,14,14,9
3324,15,8,3,2,2
3325,-15,-3,-12,-5,-1
3326,0,-15,-11,-14,-9
3327,4,14,9,10,8
3328,1,-8,-1,-3,1
3329,-5,7,5,1,-3
3330,2,1,2,4,2
3331,1,-12,-18,2,-3
3332,-1,3,23,4,5
3333,3,3,-14,-2,-2
3334,-5,-9,1,-8,0
3335,1,6,-3,-5,-9
3336,7,3,6,5,3
3337,-1,3,-3,2,7
3338,-5,-5,5,1,-3
3339,-3,5,-3,-7,1
3340,9,-1,12,12,3
3341,-9,-6,-22,-18,-18
3342,2,3,5,2,12
3343,9,5,6,7,-6
3344,-9,-7,10,8,12
3345,2,5,-11,-8,-12
3346,-2,-7,-8,2,3
3347,-2,-1,-3,2,3
3348,0,6,25,7,5
3349,8,3,-16,-12,0
3350,-1,-1,9,11,0
3351,-2,-6,-10,-11,-3
3352,-2,0,-1,-1,-7
3353,5,4,-2,-7,-5
3354,-7,15,16,17,16
3355,4,-19,-11,-3,-4
3356,2,5,-4,-11,-8
3357,-5,-5,6,11,6
3358,0,-4,-1,-3,1
3359,-2,1,2,-2,0
3360,6,13,-2,8,1
3361,-3,2,8,-1,3
3362,22,7,2,3,1
3363,-23,-18,-10,-9,-2
3364,11,6,3,10,1
3365,4,5,2,-6,-3
3366,-8,-8,0,3,3
3367,-3,12,3,2,-1
3368,0,-16,-5,-4,-1
3369,-1,5,-6,-11,0
3370,6,4,2,9,2
3371,-10,-11,-6,-13,-18
3372,-1,-1,13,12,19
3373,3,1,-18,0,-3
3374,-1,1,17,8,3
3375,-2,-2,-18,-27,-9
3376,1,2,5,6,-6
3377,0,-4,6,8,12
3378,5,8,13,13,2
3379,-5,2,-4,-4,-4
3380,-1,-2,-12,-3,-2
3381,0,-9,-5,-12,-9
3382,4,7,3,-1,-1
3383,0,2,7,7,3
3384,-2,-2,-6,-3,7
3385,-2,3,1,9,6
3386,12,3,5,-5,-12
3387,-2,-2,-3,1,1
3388,-3,-2,2,-3,7
3389,-5,-5,-10,-8,-4
3390,9,8,16,17,4
3391,0,0,-9,-7,3
3392,4,8,8,6,-4
3393,7,3,6,3,4
3394,-18,-4,-5,-2,1
3395,-3,-12,-6,-5,-5
3396,4,2,8,4,3
3397,-2,3,2,1,-3
3398,-3,-7,-16,-2,4
3399,1,3,2,-12,-4
3400,8,6,14,14,3
3401,1,2,0,2,1
3402,-10,-6,-2,-4,-2
3403,14,8,-3,3,-1
3404,-14,-10,-11,-14,-3
3405,1,-3,0,7,7
3406,15,14,11,2,-5
3407,-14,-15,-15,-14,-17
3408,0,-1,0,17,21
3409,4,6,10,-5,-8
3410,-4,-3,-2,6,6
3411,0,5,0,2,3
3412,2,3,3,-11,-1
3413,0,-9,-1,2,-7
3414,0,9,-1,1,0
3415,-2,-1,2,-3,3
3416,3,-6,-7,-7,3
3417,-4,-6,-1,11,-1
3418,-1,5,2,8,2
3419,14,12,9,0,0
3420,-12,-16,-5,-4,2
3421,7,11,0,-9,-4
3422,2,2,1,2,-4
3423,-9,2,8,9,5
3424,-2,-14,-20,-14,1
3425,0,14,15,9,-5
3426,3,-14,-14,5,3
3427,3,9,19,3,4
3428,-6,-12,-2,-6,-2
3429,4,7,-8,-8,2
3430,0,6,4,5,-2
3431,-4,-10,-8,-9,1
3432,6,6,1,6,-10
3433,8,6,7,4,11
3434,-13,-1,-3,-6,-12
3435,4,-1,-1,14,10
3436,-1,3,4,-1,1
3437,6,0,7,-4,0
3438,-5,12,4,6,1
3439,-4,-25,-18,-9,-9
3440,4,7,0,-7,8
3441,-2,-7,0,7,-5
3442,5,5,7,-2,-1
3443,1,2,-7,1,0
3444,-2,1,1,-7,7
3445,-7,7,9,18,0
3446,2,-6,1,-9,-2
3447,16,12,4,5,-1
3448,-18,-23,-24,-17,-10
3449,11,21,27,19,12
3450,1,-10,-12,-5,-5
3451,-10,-8,-11,-10,6
3452,5,5,5,1,-4
3453,-5,-4,18,14,4
3454,-1,-4,-19,-13,-6
3455,0,0,5,1,4
3456,0,16,5,3,-5
3457,4,-3,4,3,7
3458,-4,-11,-14,-2,0
3459,-1,4,1,-2,-7
3460,2,3,6,8,4
3461,-2,-4,-9,-17,3
3462,6,2,9,12,-1
3463,-4,-5,6,2,-6
3464,1,7,-8,-9,-4
3465,0,-4,-1,1,0
3466,5,3,-3,-5,1
3467,-7,4,5,14,8
3468,9,1,0,-3,-7
3469,-9,-9,6,3,8
3470,4,2,7,4,0
3471,-4,15,-3,-3,1
3472,0,-17,-15,-1,-5
3473,4,2,-2,-3,1
3474,1,2,11,0,-1
3475,6,4,5,6,5
3476,-12,-12,-22,-25,-25
3477,0,6,6,6,20
3478,3,-4,-5,-6,1
3479,4,14,19,19,2
3480,5,-5,0,0,-1
3481,-11,-11,-14,8,3
3482,0,8,9,-11,-1
3483,17,9,4,8,-3
3484,-18,-16,-4,-8,-8
3485,6,14,9,9,12
3486,-6,-15,-22,-20,-14
3487,18,17,15,17,14
3488,-7,-7,0,0,-5
3489,2,4,2,-2,-2
3490,-4,8,5,3,7
3491,4,-3,-5,-1,-3
3492,-10,-16,-4,-5,-1
3493,2,6,-6,0,4
3494,-5,-3,-4,0,-6
3495,4,1,17,4,6
3496,-4,-6,-21,-9,-10
3497,8,9,9,6,10
3498,-4,6,6,2,-5
3499,-2,1,9,5,4
3500,7,10,1,0,-1
3501,2,-11,-10,-1,-1
3502,-8,-9,-8,-14,-14
3503,4,2,1,13,17
3504,8,16,16,2,0
3505,-15,-11,-2,-3,0
3506,17,3,-5,-5,-7
3507,-17,-6,2,7,6
3508,1,-10,-19,4,1
3509,23,22,23,-1,0
3510,-22,-21,-14,-10,-6
3511,-1,5,-1,-7,5
3512,10,7,11,9,-4
3513,-3,0,0,2,2
3514,-8,-13,-8,-10,-13
3515,2,9,-2,4,12
3516,10,7,6,8,1
3517,-11,-8,-4,-5,-6
3518,3,-4,3,-1,4
3519,-2,8,0,-2,-4
3520,15,6,7,6,4
3521,-17,-17,-13,-12,-2
3522,10,11,3,14,6
3523,-10,-9,9,0,1
3524,2,-2,-17,-18,-4
3525,-2,11,16,19,3
3526,3,-11,-18,-8,-11
3527,4,10,9,-4,2
3528,-6,0,1,2,1
3529,7,-2,6,6,5
3530,-3,-6,-6,5,1
3531,-2,1,-3,-7,2
3532,-2,-5,-10,5,-1
3533,-1,9,10,-11,-5
3534,2,-8,1,-2,2
3535,4,9,14,17,4
3536,0,-4,-9,-8,-6
3537,-4,-4,8,8,6
3538,1,7,-10,-7,1
3539,0,-6,3,-3,-4
3540,6,8,7,6,3
3541,9,7,-4,-4,0
3542,-12,-8,-9,1,-2
3543,5,4,7,-2,3
3544,-7,-4,-3,1,-2
3545,-3,-7,0,-4,-1
3546,9,7,0,4,2
3547,3,7,7,5,1
3548,-5,-6,-6,-1,-1
3549,-7,-7,-7,-6,1
3550,-1,4,1,-4,-1
3551,15,12,10,13,0
3552,-11,-9,-3,-10,-2
3553,5,4,0,3,-6
3554,-3,-9,-10,-6,-5
3555,-2,0,-1,9,14
3556,-4,15,15,-1,0
3557,3,-9,-2,-3,-10
3558,-3,-4,5,7,8
3559,6,15,-1,-1,0
3560,7,-11,-11,-7,0
3561,-13,-10,-6,-5,-3
3562,1,3,0,9,5
3563,-1,1,1,-12,-6
3564,0,-5,6,2,0
3565,4,15,4,4,6
3566,1,1,2,2,-7
3567,-3,-10,-4,1,7
3568,2,-2,-7,-12,-2
3569,-1,2,9,10,0
3570,-1,-4,-12,-8,2
3571,7,12,17,15,-5
3572,-9,-8,-1,1,5
3573,10,5,-9,-9,-2
3574,-8,-2,0,10,0
3575,7,-2,1,-4,-2
3576,1,5,9,6,4
3577,-8,-7,-14,-16,-8
3578,0,3,7,9,5
3579,3,-4,5,0,-1
3580,7,13,-2,0,0
3581,-8,-14,-9,-10,2
3582,-3,-3,-5,-1,1
3583,15,15,17,15,-3
3584,-16,-10,-15,-16,-3
3585,7,1,6,12,0
3586,-4,-5,0,-6,6
3587,0,7,4,3,0
3588,0,-5,3,0,-5
3589,2,0,-9,3,1
3590,-4,19,17,5,3
3591,7,-16,-13,-5,0
3592,-6,-1,-2,2,-2
3593,2,6,4,-3,-5
3594,4,0,4,1,5
3595,8,8,6,6,3
3596,-11,-14,-19,-3,-1
3597,4,6,5,-11,-10
3598,2,11,14,14,12
3599,-8,-18,-19,-3,-5
3600,-2,4,17,3,5
3601,0,-4,-5,1,-1
3602,5,11,-2,-3,0
3603,-5,-9,-10,-18,-14
3604,3,-2,16,17,11
3605,0,-1,-19,-9,2
3606,-3,6,10,-2,-13
3607,1,3,11,11,11
3608,0,-9,-7,-1,2
3609,6,6,-4,-10,-6
3610,-5,-3,-1,0,0
3611,-3,11,7,8,8
3612,0,-11,3,8,0
3613,14,9,-7,-14,-9
3614,-14,-9,-4,3,1
3615,12,10,5,5,7
3616,-10,-11,4,2,-2
3617,4,-1,-15,-12,-9
3618,-4,-4,0,-8,-10
3619,7,8,10,10,20
3620,-6,-6,-9,-5,1
3621,2,1,1,12,-4
3622,2,15,15,6,4
3623,-2,-15,-13,-19,-8
3624,-2,-2,0,12,3
3625,-1,12,7,0,2
3626,1,-12,-10,-15,-16
3627,-3,2,6,12,9
3628,12,12,10,4,8
3629,-6,-8,-14,-13,-12
3630,3,2,2,15,14
3631,-5,-6,-5,-13,-6
3632,-4,8,7,14,7
3633,0,-9,5,-5,-5
3634,1,-1,-13,-6,5
3635,4,14,12,12,-3
3636,0,-11,-11,-11,-8
3637,-5,5,13,9,9
3638,2,-6,-13,-4,0
3639,3,9,13,-1,-6
3640,1,-6,0,6,6
3641,11,11,3,-4,-5
3642,-17,-7,1,5,5
3643,3,-2,-1,-1,-1
3644,2,3,0,0,3
3645,8,5,2,1,0
3646,-4,-9,-1,-3,0
3647,-8,2,-9,5,0
3648,13,6,3,-10,-4
3649,-7,-5,-6,3,-2
3650,-4,-9,5,-6,1
3651,2,17,3,4,-5
3652,2,-13,-4,-3,5
3653,7,8,2,1,0
3654,-13,-1,0,10,5
3655,7,-6,2,-8,-2
3656,-7,1,-11,-12,-12
3657,3,-3,8,9,11
3658,3,6,-5,-5,-1
3659,-7,2,12,11,4
3660,1,-12,-13,5,-2
3661,0,7,0,-16,-13
3662,0,-3,-1,0,-2
3663,2,0,5,4,14
3664,3,2,-3,-2,-11
3665,-5,-6,8,5,5
3666,4,7,-6,-5,8
3667,2,1,-3,-4,-14
3668,9,9,12,18,14
3669,-9,-10,-13,-6,-4
3670,-3,-1,2,1,-1
3671,-1,2,7,5,5
3672,-3,-1,-8,-18,-17
3673,1,-8,-1,5,16
3674,8,17,13,10,-1
3675,-4,-6,-7,-7,-1
3676,-1,4,0,-3,-3
3677,-4,-3,-2,-1,7
3678,5,1,3,15,0
3679,-5,-14,-14,-12,-7
3680,3,3,7,-7,-7
3681,-2,1,8,13,14
3682,9,7,0,-6,-8
3683,-2,1,-4,8,4
3684,-1,0,4,-7,-4
3685,-7,-1,-4,5,6
3686,6,10,14,5,1
3687,1,-14,-21,-16,-9
3688,-3,1,9,6,7
3689,-4,11,3,1,-3
3690,13,-5,-4,-3,-4
3691,-12,-4,2,11,9
3692,12,8,5,-1,0
3693,1,3,-1,1,-2
3694,-14,-21,-15,-15,-12
3695,1,6,13,7,11
3696,11,11,-1,10,4
3697,-12,-16,-13,-19,-2
3698,5,17,16,14,-1
3699,-2,-14,-12,-6,-2
3700,-3,7,2,1,-4
3701,2,-7,-4,-11,-5
3702,0,4,11,14,7
3703,6,0,-8,-5,1
3704,-8,1,-1,-9,-14
3705,1,-5,4,7,15
3706,-1,4,-2,12,5
3707,18,10,9,-8,-11
3708,-11,-9,-11,-2,8
3709,2,3,4,2,-3
3710,-8,-10,-1,4,5
3711,9,15,6,-2,-7
3712,-7,-12,-6,-9,-9
3713,-3,2,-3,9,9
3714,0,0,-2,-11,-1
3715,4,0,16,17,8
3716,14,11,-2,-2,-1
3717,-18,-15,-15,0,0
3718,0,5,9,3,2
3719,3,-3,-9,-14,-6
3720,1,-1,5,9,1
3721,-1,2,-3,-11,-10
3722,-2,-4,-5,3,4
3723,-1,-1,0,2,9
3724,1,12,10,3,-3
3725,13,6,6,1,5
3726,-5,-6,-3,-3,-3
3727,-9,-13,-15,-10,-14
3728,5,7,9,14,12
3729,1,7,7,3,4
3730,-6,-11,-14,-11,-15
3731,2,2,9,0,11
3732,-2,0,-3,5,0
3733,0,-2,-1,-8,-5
3734,2,-1,15,11,6
3735,0,10,-9,-3,-3
3736,-1,-7,2,5,6
3737,-1,4,-3,-12,-7
3738,1,-5,15,17,7
3739,2,2,-17,-16,-16
3740,6,3,9,8,17
3741,13,14,3,6,-3
3742,-14,-13,-11,-10,-7
3743,6,15,14,9,10
3744,0,-10,-7,3,-1
3745,-14,6,2,-8,-3
3746,6,-14,-3,5,4
3747,-6,9,-1,-4,-1
3748,5,-2,-1,-2,-8
3749,0,-4,-5,-6,9
3750,-5,-10,-7,-4,-6
3751,4,15,12,8,5
3752,-2,-6,-1,-2,-6
3753,11,10,6,4,3
3754,-8,-11,-6,-1,2
3755,-2,-4,-10,-7,-13
3756,0,-1,-2,3,7
3757,2,4,15,2,6
3758,-5,-6,-16,-2,-6
3759,0,3,3,7,2
3760,6,2,3,1,0
3761,0,0,16,2,4
3762,-3,3,-14,-2,-1
3763,-2,-7,-7,-18,-3
3764,1,7,10,13,-2
3765,4,-2,-5,-6,2
3766,-5,7,7,3,-7
3767,5,-8,6,15,13
3768,-2,18,4,-5,0
3769,1,-19,-17,-12,-7
3770,-3,4,13,7,-1
3771,6,4,0,4,5
3772,1,-4,-3,-7,-3
3773,6,6,5,5,4
3774,-14,-1,1,7,1
3775,0,-12,-16,-22,-13
3776,8,10,6,12,6
3777,-8,-10,-10,-5,-7
3778,9,9,11,6,10
3779,-4,7,6,4,1
3780,-6,-18,-12,-13,-7
3781,1,5,6,9,1
3782,1,13,6,9,10
3783,-2,-4,-3,-6,0
3784,12,1,1,-3,-9
3785,-6,-8,-12,0,8
3786,-4,-3,12,0,-9
3787,4,2,-9,-2,0
3788,7,15,11,8,8
3789,-12,-19,-12,-4,1
3790,2,2,-2,-2,-4
3791,2,6,15,2,-3
3792,-4,-3,-13,5,7
3793,0,-1,14,-1,1
3794,19,19,6,3,0
3795,-19,-24,-16,-12,-6
3796,0,6,3,-1,-8
3797,2,6,4,9,14
3798,-1,-9,-16,-13,-1
3799,-2,-2,-1,7,1
3800,0,5,17,0,-7
3801,1,-1,-8,-3,-5
3802,0,-4,-5,-10,-1
3803,0,1,7,8,4
3804,3,5,3,14,9
3805,5,2,-6,-15,-3
3806,-7,-1,4,9,-4
3807,7,3,1,-1,-2
3808,4,1,2,-4,4
3809,-11,9,5,5,2
3810,-1,-14,-7,1,1
3811,3,7,10,6,2
3812,-1,-11,-22,-17,-14
3813,9,11,13,11,10
3814,-10,-10,-8,5,4
3815,3,0,8,-12,-1
3816,2,9,5,7,-6
3817,0,6,0,0,0
3818,-1,-4,2,0,2
3819,-3,-8,-16,-15,5
3820,2,7,11,14,-6
3821,3,4,0,-3,5
3822,-7,-17,-7,-8,-15
3823,4,5,1,4,5
3824,-5,3,5,4,5
3825,0,4,1,10,5
3826,12,0,-1,-8,1
3827,-9,-7,0,0,-7
3828,4,2,0,-3,-1
3829,3,1,-7,-5,3
3830,-1,-1,11,12,0
3831,-8,-7,-19,-15,-12
3832,0,-1,-2,-7,3
3833,3,9,15,20,9
3834,-3,5,-1,0,4
3835,14,3,7,2,-2
3836,-9,-8,-5,-5,3
3837,-3,3,10,7,-1
3838,-3,-2,-8,-6,-1
3839,3,-6,-3,5,0
3840,3,13,2,-4,-6
3841,1,-10,-9,1,7
3842,-6,18,17,6,0
3843,-1,-23,-8,-11,-1
3844,4,14,3,8,1
3845,-1,-2,-5,3,1
3846,0,-11,-8,-8,-4
3847,9,10,10,2,-3
3848,-12,1,-3,3,3
3849,8,-4,5,-6,-3
3850,8,12,9,10,7
3851,-16,-19,-25,-18,-2
3852,2,2,10,3,-4
3853,7,8,1,5,0
3854,-6,-8,-4,-4,-3
3855,5,10,7,4,8
3856,-8,-6,-7,-10,-9
3857,6,-3,-1,4,-3
3858,-3,-4,-5,-9,4
3859,2,2,6,21,6
3860,-2,3,5,-6,-1
3861,-3,-3,-6,2,-3
3862,1,-4,1,-5,-3
3863,14,17,7,4,8
3864,-10,-7,-4,1,2
3865,-5,-9,-12,-12,-1
3866,9,20,22,15,0
3867,-9,-13,-5,0,-3
3868,3,0,-4,-3,-3
3869,2,1,-4,0,1
3870,-4,-9,-2,-10,-11
3871,2,27,21,17,17
3872,-2,-20,-14,-7,-4
3873,10,7,-1,-4,3
3874,-8,-8,-7,1,-9
3875,4,3,4,-3,5
3876,-2,6,7,6,-2
3877,-5,-13,-13,-15,-11
3878,26,23,25,23,18
3879,-26,-16,-18,-16,-2
3880,5,-2,4,10,-1
3881,8,9,0,-5,-1
3882,-7,0,2,0,-3
3883,12,7,8,9,7
3884,-16,-19,-17,-15,-17
3885,4,2,-1,10,12
3886,1,6,4,-8,2
3887,-1,-4,-4,-4,-6
3888,0,5,8,9,0
3889,-6,-10,-3,-7,-3
3890,9,15,10,12,11
3891,-9,-12,-15,-15,-12
3892,2,3,12,12,7
3893,1,-4,-15,-11,-7
3894,-2,-5,-3,-8,12
3895,10,10,20,22,1
3896,8,8,-3,-4,-3
3897,-13,-7,-1,-3,-7
3898,-2,8,1,11,10
3899,12,-3,-3,-5,-1
3900,-15,-8,-4,1,-1
3901,4,8,8,-3,2
3902,-4,-13,-14,3,-1
3903,2,0,-3,-19,1
3904,4,21,26,24,0
3905,-6,-16,-9,-2,-1
3906,3,-5,-5,-13,1
3907,-3,7,-4,9,-3
3908,5,4,8,0,3
3909,1,3,0,0,-2
3910,-5,-15,-8,-5,0
3911,-2,13,4,-4,-2
3912,1,-1,10,10,0
3913,4,-10,-8,-7,-2
3914,1,2,-10,-6,1
3915,-5,-3,-1,0,-11
3916,1,9,6,4,6
3917,-2,-11,11,13,10
3918,10,9,-11,-6,-6
3919,-10,4,10,4,3
3920,5,2,-4,-9,-1
3921,-1,-3,-5,-3,-11
3922,-4,-11,-4,-2,9
3923,12,15,18,15,5
3924,-11,-13,-12,-1,0
3925,11,11,4,-8,1
3926,-9,-8,1,9,-2
3927,4,-1,-13,-16,-15
3928,-7,-4,3,12,16
3929,6,6,2,-12,-1
3930,-5,-2,1,1,-2
3931,7,19,14,15,3
3932,-4,-20,-21,-12,-5
3933,6,5,9,11,3
3934,-10,-10,2,-7,-2
3935,0,3,-3,-2,-6
3936,0,13,3,7,9
3937,9,-7,-1,-2,-3
3938,-5,1,3,-1,-1
3939,2,14,5,4,3
3940,9,1,4,3,2
3941,-7,-16,-4,1,1
3942,-6,-3,-17,-22,-5
3943,3,2,8,18,1
3944,5,5,6,0,0
3945,-5,-8,-13,-2,-1
3946,16,17,15,-1,5
3947,-17,-13,-14,-4,-6
3948,-1,-7,-5,-3,3
3949,14,18,25,14,3
3950,-7,-10,-10,-8,-3
3951,-9,-3,-2,2,0
3952,0,-6,-15,-16,-5
3953,-1,1,2,9,5
3954,3,12,11,3,-6
3955,-2,-8,-6,-9,7
3956,2,2,12,11,-1
3957,4,3,-10,-5,-2
3958,-5,-9,7,5,0
3959,5,12,-3,-1,-1
3960,-5,-13,-3,-5,6
3961,-1,0,-10,-14,-27
3962,-1,1,7,11,22
3963,8,6,1,3,-4
3964,-6,-7,2,10,9
3965,0,3,-6,-4,0
3966,17,16,16,5,0
3967,-8,0,-2,-3,-4
3968,-3,-12,-10,3,2
3969,-8,-8,-1,-3,-2
3970,6,6,-3,-17,3
3971,0,1,2,8,-13
3972,-1,3,4,9,13
3973,1,0,8,4,0
3974,-6,-11,-17,-12,-3
3975,2,6,13,3,-2
3976,7,4,-7,-6,1
3977,-7,-6,-1,16,4
3978,-2,0,-4,-9,-7
3979,0,1,4,-12,-2
3980,7,14,10,14,10
3981,1,-10,-6,-8,-11
3982,-4,0,0,12,10
3983,-3,17,13,2,-1
3984,2,-9,1,-2,-1
3985,1,-11,-18,-2,-2
3986,1,7,7,-4,-1
3987,7,4,2,-1,3
3988,0,-5,5,6,2
3989,-4,10,6,5,1
3990,1,-4,-11,-13,-13
3991,15,9,9,10,11
3992,-21,-20,-4,-5,-3
3993,0,4,-9,-8,-5
3994,6,-1,-3,11,6
3995,-8,-7,-1,-8,-1
3996,5,6,2,-6,-3
3997,-4,-6,-6,13,3
3998,-2,10,13,-3,3
3999,2,-10,-10,3,-4
4000,0,1,1,-3,-1
4001,12,10,8,7,5
4002,4,4,0,-6,-2
4003,-5,-4,2,-1,-1
4004,-6,-4,3,2,3
4005,0,4,7,6,2
4006,-4,-4,-16,-14,-15
4007,4,4,0,-1,14
4008,-6,-11,0,4,-2
4009,13,11,11,10,1
4010,-14,-2,-10,-8,-4
4011,6,8,5,0,4
4012,-6,-16,-10,-7,-8
4013,9,5,-1,-3,10
4014,-7,0,6,10,-2
4015,-2,3,-3,-9,-16
4016,10,4,6,17,18
4017,-3,-2,3,-5,0
4018,2,1,-5,-8,-6
4019,-9,-9,-10,-7,-13
4020,14,17,20,17,16
4021,-14,-10,-2,-2,2
4022,10,-3,-9,-7,-1
4023,-4,3,3,2,0
4024,-4,-6,-5,-2,2
4025,13,8,3,-1,-13
4026,-14,-12,-7,12,13
4027,0,7,7,-10,-7
4028,5,-2,-3,3,4
4029,-1,-2,-7,-12,-12
4030,-3,-1,15,13,12
4031,2,9,-2,-3,-3
4032,-4,-7,-7,6,1
4033,11,7,12,-1,5
4034,-11,-14,-22,-17,-17
4035,6,9,9,8,13
4036,-6,-1,9,9,-1
4037,4,0,-12,-6,-2
4038,-2,-2,-1,-6,-12
4039,0,7,7,14,15
4040,2,-8,3,-8,-9
4041,-3,6,-4,-4,0
4042,0,-7,-5,-1,13
4043,12,9,8,4,-12
4044,-13,-10,5,14,12
4045,0,-2,-17,-12,-7
4046,2,13,14,4,2
4047,6,-5,-6,2,-1
4048,-3,0,8,4,6
4049,-4,10,3,-6,-1
4050,1,-15,-16,-12,-6
4051,7,8,5,2,-3
4052,-9,9,13,12,10
4053,1,-17,-17,-9,-6
4054,0,-3,-4,0,4
4055,1,3,9,8,0
4056,-2,-3,-9,-20,-6
4057,9,11,12,16,8
4058,-6,1,-2,-4,-8
4059,1,-5,-6,1,-1
4060,-4,-7,11,7,9
4061,9,10,-1,-1,-6
4062,-7,-7,-11,4,6
4063,5,12,9,-7,0
4064,-1,-7,0,10,0
4065,-5,-3,-1,-2,-3
4066,-1,-5,-10,-5,-3
4067,8,9,9,-2,0
4068,-7,3,9,2,-1
4069,5,4,1,7,6
4070,5,-5,-9,-14,-9
4071,-4,0,-2,3,9
4072,-5,-3,1,-3,0
4073,1,-6,-10,2,-6
4074,-3,12,11,4,-1
4075,4,-6,-4,-2,5
4076,-2,-5,-2,-11,-5
4077,3,4,1,9,7
4078,6,4,12,4,-3
4079,-10,4,-5,-5,0
4080,12,2,2,7,-2
4081,-9,-6,-6,3,4
4082,6,-2,5,-7,0
4083,-3,-3,-8,-1,0
4084,-6,-2,0,-9,-12
4085,7,12,14,14,10
4086,-8,-9,-16,-2,0
4087,5,0,6,-1,-2
4088,-5,12,9,3,4
4089,6,-14,-11,7,2
4090,13,14,10,-8,0
4091,-19,-14,-14,-9,-4
4092,4,4,9,7,-6
4093,-4,0,-4,4,7
4094,7,3,1,-7,-8
4095,-6,-7,-3,-7,-1
4096,4,5,0,1,1
4097,-4,-7,-4,13,5
4098,2,0,1,-10,4
4099,5,13,9,10,-4
4100,0,-8,1,-6,3
4101,-3,0,-8,-6,-3
4102,5,3,13,11,4
4103,-10,-5,1,5,0
4104,4,0,-16,-5,0
4105,-4,14,18,7,2
4106,11,-2,-5,-9,-8
4107,-4,-9,-11,-10,3
4108,-3,-2,-2,11,2
4109,1,2,3,-11,-10
4110,0,0,0,3,11
4111,-4,-9,-1,11,1
4112,-1,0,11,-3,-7
4113,2,4,-3,4,4
4114,-2,0,-3,-4,4
4115,0,-4,-10,-17,-21
4116,0,0,14,16,15
4117,1,3,-11,-14,6
4118,3,0,-1,8,0
4119,2,7,4,-5,-19
4120,-5,-10,-5,1,14
4121,-1,1,-3,7,-6
4122,0,-2,1,-12,2
4123,6,8,7,19,5
4124,-4,-1,1,0,3
4125,14,16,15,3,0
4126,-16,-12,-14,-14,-10
4127,4,-6,9,7,11
4128,-4,-4,-8,-5,-5
4129,7,10,-2,9,2
4130,1,-2,2,-1,2
4131,-6,-4,-6,-10,-8
4132,2,2,12,6,8
4133,7,9,-3,1,1
4134,-11,-3,4,2,0
4135,1,-10,-18,-19,-1
4136,5,4,18,18,0
4137,3,19,7,5,-2
4138,-6,-15,-17,-3,-2
4139,-1,0,5,-9,5
4140,3,-3,-8,-5,-4
4141,2,5,5,8,-4
4142,-7,-12,-2,2,-2
4143,1,1,-1,-2,4
4144,3,2,9,7,3
4145,3,13,-2,-5,-4
4146,-6,-12,-8,-2,-1
4147,-1,4,6,-2,-5
4148,2,1,7,14,13
4149,1,-7,-16,-3,-3
4150,18,18,15,2,3
4151,-4,-1,5,-2,-1
4152,-14,-16,-19,-12,-6
4153,0,3,7,4,-1
4154,3,0,5,-1,8
4155,-1,3,-8,-2,-6
4156,-1,13,13,12,5
4157,-2,-10,-9,-11,-4
4158,-1,-7,-4,-4,-1
4159,1,1,0,-2,-11
4160,9,8,7,14,12
4161,-7,-8,5,-3,5
4162,-1,2,-11,-1,-1
4163,-3,-9,-8,-12,-18
4164,5,16,12,10,11
4165,6,-4,8,5,8
4166,-11,8,-3,-3,-3
4167,1,-16,-12,-2,-5
4168,0,0,4,3,3
4169,4,16,8,1,4
4170,1,-5,2,6,0
4171,4,-5,-7,-12,0
4172,-2,6,4,6,-2
4173,-8,-12,-11,-10,-11
4174,5,1,3,9,10
4175,-2,11,13,6,4
4176,-3,-12,-2,-5,-4
4177,13,10,-7,-5,-7
4178,-7,-7,-7,-10,8
4179,-4,7,8,13,-2
4180,3,-8,-2,-2,1
4181,-5,5,2,2,-1
4182,6,0,-2,-6,-6
4183,2,9,5,8,7
4184,-6,4,4,2,4
4185,4,-14,-13,-10,-6
4186,-6,0,5,0,0
4187,5,0,-3,5,-3
4188,11,6,14,7,8
4189,-6,-5,-16,-10,-10
4190,-10,-3,-1,-6,8
4191,6,2,3,3,-7
4192,-3,-2,5,5,4
4193,4,1,-8,0,-3
4194,11,11,12,9,9
4195,-13,-12,-6,1,-1
4196,-4,-4,-10,-22,-2
4197,0,-3,10,14,2
4198,-1,9,-5,3,-3
4199,8,10,15,6,4
4200,-7,-18,-18,-23,-8
4201,3,8,5,18,8
4202,-2,-5,-3,-8,-2
4203,-1,6,7,6,-5
4204,3,-6,-6,-13,-11
4205,4,9,16,19,18
4206,5,2,-7,-5,-6
4207,-10,-11,-6,-7,-7
4208,7,9,4,2,5
4209,-6,5,2,5,5
4210,10,1,6,1,2
4211,-9,-14,-7,-6,-1
4212,-4,2,-2,1,-8
4213,10,12,3,0,10
4214,-10,-17,-12,-6,-5
4215,4,2,3,-4,-12
4216,-2,1,15,18,17
4217,0,-1,-16,-8,0
4218,7,13,15,4,-5
4219,-10,-16,-18,5,5
4220,4,9,5,-5,-6
4221,5,1,0,1,5
4222,-2,6,9,2,0
4223,0,-7,-9,-1,-1
4224,-6,-8,-7,-19,-18
4225,9,11,19,21,19
4226,-8,8,-1,-1,0
4227,1,-18,-17,-22,-17
4228,-2,3,11,20,14
4229,11,6,-3,-10,-4
4230,-9,3,8,15,8
4231,6,0,0,-1,-1
4232,-5,-8,-14,-12,-9
4233,0,-3,-3,-3,1
4234,1,0,4,-2,-2
4235,-2,4,0,3,3
4236,-1,-4,5,2,-3
4237,-1,3,2,3,11
4238,-1,-1,-8,-8,-10
4239,6,-1,11,12,4
4240,3,3,1,-3,5
4241,-1,1,-9,-5,-2
4242,3,1,4,9,3
4243,-8,8,13,2,-2
4244,-1,-9,-18,-13,-7
4245,2,4,4,2,0
4246,1,5,6,4,1
4247,4,-6,-1,-2,-4
4248,-1,-4,3,12,12
4249,-3,10,-3,-11,-8
4250,0,-3,-1,3,0
4251,-1,-6,1,-2,-1
4252,5,0,-6,-6,4
4253,-2,5,4,10,5
4254,10,9,10,3,-2
4255,-15,-19,-16,-5,-3
4256,0,3,5,-7,-3
4257,-2,-5,4,8,2
4258,0,5,-11,-10,-9
4259,15,7,13,8,14
4260,-5,0,-7,-3,-11
4261,-10,-11,-6,-8,-4
4262,0,6,7,9,8
4263,8,5,3,1,0
4264,-7,-11,12,10,8
4265,1,-2,-22,-17,-8
4266,-1,3,11,9,4
4267,4,3,-11,-13,-1
4268,-4,14,16,15,0
4269,1,-18,-17,-10,-10
4270,6,4,5,1,10
4271,-2,-2,0,2,0
4272,-2,1,-3,-2,-5
4273,13,11,12,8,6
4274,-9,-7,-4,-6,-5
4275,-4,-7,5,9,6
4276,-1,-1,-8,-11,-1
4277,-1,20,10,14,4
4278,2,-14,-12,0,0
4279,5,5,7,-3,-2
4280,-6,-7,-12,-17,1
4281,-1,1,1,12,0
4282,-1,-6,-3,-12,-4
4283,0,-1,4,5,-6
4284,1,6,9,7,5
4285,2,18,10,7,4
4286,2,-17,-21,-15,-4
4287,7,6,13,7,-3
4288,-8,-6,-12,-6,-2
4289,-3,-3,-2,3,4
4290,13,11,12,4,4
4291,-4,8,9,7,1
4292,-1,-6,-8,-3,-1
4293,-9,-6,-4,-10,-5
4294,6,-4,-7,-5,-4
4295,2,3,6,4,2
4296,-9,-6,-1,-1,-3
4297,0,8,-1,4,12
4298,0,-2,9,6,-6
4299,8,-2,2,5,5
4300,6,6,-6,-8,-2
4301,-13,-1,-4,6,2
4302,-1,-12,2,-1,1
4303,16,16,2,-8,-3
4304,-2,-1,1,9,4
4305,-11,-5,1,-4,-7
4306,2,-1,-2,-2,0
4307,-3,0,3,0,-3
4308,1,3,-6,-2,-2
4309,1,-2,-3,10,10
4310,7,-1,5,-9,-2
4311,-10,-6,-12,-14,-13
4312,5,18,20,21,15
4313,-5,-19,-20,-20,-15
4314,1,1,8,8,15
4315,0,9,4,5,2
4316,-1,3,2,8,0
4317,0,-1,-3,-4,-4
4318,7,-3,-2,-4,2
4319,-7,-12,-11,-11,-13
4320,-1,4,10,11,5
4321,2,14,15,8,7
4322,-2,-13,-2,-2,-1
4323,0,-5,-4,-1,2
4324,0,-1,-13,-16,-11
4325,16,16,10,10,3
4326,-9,-1,7,10,10
4327,-7,-12,-23,-26,-26
4328,2,2,2,17,24
4329,8,12,13,-1,-1
4330,-10,-14,-11,0,2
4331,8,19,15,7,-3
4332,-8,-22,-8,-6,-2
4333,1,4,-2,4,1
4334,1,0,6,0,1
4335,-2,-2,-11,-8,-4
4336,3,13,10,13,7
4337,-2,-7,-2,-14,-12
4338,0,-2,8,11,10
4339,3,4,-10,-8,-6
4340,9,5,8,7,3
4341,-8,-9,-2,-4,5
4342,-1,4,-1,-3,-12
4343,-1,-4,-9,-9,-1
4344,7,4,1,4,3
4345,-9,-5,4,8,11
4346,8,4,7,7,-2
4347,-5,0,0,1,0
4348,7,4,-2,-5,0
4349,-7,5,1,0,-5
4350,-2,-8,-4,5,6
4351,-2,-1,-5,-7,0
4352,0,-4,1,-8,-15
4353,0,2,-4,-1,5
4354,1,8,8,14,9
4355,0,-12,-1,-5,-2
4356,22,23,11,7,2
4357,-23,-15,-10,-8,-2
4358,12,3,-2,5,1
4359,-8,-7,-4,-12,2
4360,5,3,10,14,0
4361,-6,-2,-12,-19,-11
4362,21,16,16,19,11
4363,-15,-14,-11,-11,-8
4364,-2,-3,6,4,4
4365,-7,5,5,5,0
4366,6,-6,-5,-4,4
4367,-1,5,6,5,-3
4368,2,11,1,-1,-1
4369,1,-13,-15,-10,1
4370,-7,5,5,0,-4
4371,6,0,-2,-2,8
4372,-3,-10,-10,-10,-12
4373,-2,6,16,21,6
4374,10,2,-4,-6,5
4375,-11,-7,-7,-2,0
4376,15,13,9,6,-3
4377,-12,-11,-7,-5,4
4378,2,13,10,9,-4
4379,4,-10,-5,-6,-3
4380,0,2,3,8,6
4381,-2,-2,0,-8,-1
4382,-5,-5,-3,9,1
4383,0,1,-9,-18,-7
4384,0,-2,1,-3,-14
4385,6,8,12,11,19
4386,1,5,-1,2,0
4387,0,-2,-4,-6,2
4388,-8,7,9,12,0
4389,12,-6,-5,-8,-4
4390,-12,-12,-15,-15,-8
4391,6,8,12,19,7
4392,7,7,10,3,2
4393,-13,-17,-19,-5,-3
4394,4,5,2,5,4
4395,-6,4,9,-9,-6
4396,12,3,3,3,8
4397,-8,5,1,3,-2
4398,-4,-19,-21,-14,3
4399,0,3,2,7,-1
4400,0,10,14,13,1
4401,13,7,10,-1,0
4402,-11,-15,-9,-11,-5
4403,6,8,3,3,5
4404,5,4,-3,-3,0
4405,-11,1,8,11,-2
4406,0,-4,-9,-6,0
4407,0,-10,-10,6,2
4408,2,0,-3,-14,-3
4409,2,4,11,2,2
4410,1,4,5,6,-2
4411,1,4,-1,-2,-2
4412,-1,-4,-5,10,5
4413,9,12,10,-3,-1
4414,-9,-16,-3,-7,-1
4415,-1,4,-4,0,-8
4416,4,3,5,2,2
4417,-8,-9,-16,-8,3
4418,7,8,14,8,-1
4419,11,7,4,2,2
4420,-17,-18,-15,-6,4
4421,-3,-1,8,0,-2
4422,0,0,-13,-8,-2
4423,13,11,21,18,2
4424,-10,-2,-2,-3,1
4425,-1,10,2,1,-1
4426,1,-17,-19,-18,-19
4427,-1,7,7,18,17
4428,6,4,11,-3,0
4429,-3,-10,2,3,1
4430,-2,-1,-22,-21,-14
4431,4,7,15,14,17
4432,5,2,3,6,-5
4433,-4,-5,-13,-17,-6
4434,-6,-6,10,16,8
4435,8,8,9,4,1
4436,-6,8,-10,-6,1
4437,0,-12,-1,-2,1
4438,-3,-1,-10,3,-6
4439,4,11,12,-5,2
4440,-5,-15,-6,2,-4
4441,15,16,4,5,5
4442,-5,0,4,0,-1
4443,-2,-9,0,-1,0
4444,-8,10,-2,0,3
4445,8,-8,-4,-7,-4
4446,0,10,11,9,1
4447,-6,-17,-23,-9,-6
4448,1,7,19,4,6
4449,-1,-1,-6,0,-1
4450,1,1,-2,-2,-1
4451,-2,2,4,7,6
4452,4,-7,-13,-8,-10
4453,8,10,10,0,7
4454,9,9,9,8,3
4455,-11,-13,-4,-6,-3
4456,-5,-2,-2,1,2
4457,12,13,10,6,-2
4458,-17,-11,-15,-14,-7
4459,4,-1,2,1,-6
4460,16,15,10,14,16
4461,-6,-4,1,-3,-5
4462,-6,-10,-4,-4,-4
4463,0,5,-4,-3,4
4464,-8,-13,-12,-9,-8
4465,-1,10,12,15,9
4466,9,0,2,-5,0
4467,0,-1,-1,3,0
4468,-9,2,-2,-3,-5
4469,8,-3,-1,8,6
4470,-4,0,-2,-5,-3
4471,7,5,6,-3,5
4472,-6,-9,-8,-6,-5
4473,-4,-3,6,7,1
4474,2,2,2,1,3
4475,18,16,4,5,-1
4476,-17,-9,-9,-12,-13
4477,2,-6,-6,-2,1
4478,2,2,4,7,15
4479,2,1,-1,-6,-11
4480,-9,-9,-9,3,6
4481,10,16,14,5,0
4482,-11,-17,-14,-19,0
4483,0,13,18,18,2
4484,5,-6,-12,-11,2
4485,-2,-2,15,20,1
4486,-3,-2,-2,0,0
4487,2,6,-11,-13,-1
4488,1,7,6,1,-5
4489,5,-2,1,5,6
4490,-5,6,2,-3,-8
4491,7,-3,8,10,8
4492,1,-4,-8,-1,0
4493,-9,-1,0,-9,-10
4494,6,0,-3,5,4
4495,-7,1,-3,-4,4
4496,4,6,9,9,1
4497,2,-10,-12,-13,-13
4498,-6,-6,-8,-5,-4
4499,2,3,6,0,14
4500,0,2,7,8,1
4501,-1,-1,2,-1,-5
4502,-2,-4,-15,-16,5
4503,0,-1,8,15,-1
4504,17,19,15,10,3
4505,-15,-16,-21,-12,1
4506,-2,15,20,9,-6
4507,8,-10,-14,-7,-6
4508,5,5,10,5,12
4509,-10,-12,-16,-8,0
4510,-3,-1,8,6,-6
4511,1,6,-5,-13,-15
4512,3,-3,11,12,15
4513,4,7,-6,0,-2
4514,-3,8,9,3,4
4515,1,-9,1,6,4
4516,-3,-2,-14,-3,-4
4517,-3,-6,-4,2,2
4518,6,9,14,1,0
4519,2,1,-1,-7,1
4520,-5,-5,-9,-9,0
4521,0,-4,0,-1,-4
4522,-3,-3,-4,3,4
4523,2,3,1,-1,-8
4524,1,4,12,10,6
4525,3,10,3,-3,-7
4526,3,-3,3,3,10
4527,-5,-1,-4,2,-1
4528,12,11,8,2,1
4529,-5,-13,-7,-1,-2
4530,-11,-9,-12,3,2
4531,0,-1,-6,-20,-6
4532,1,7,12,14,0
4533,1,-3,-8,-13,-14
4534,1,6,5,2,11
4535,11,7,12,11,5
4536,-14,1,0,5,3
4537,6,-13,-15,-3,-3
4538,1,7,10,-6,2
4539,2,0,2,7,-1
4540,-8,-5,10,4,3
4541,2,-5,-25,-18,-9
4542,0,-1,0,3,0
4543,0,4,3,-2,8
4544,8,6,12,13,1
4545,-10,-10,4,-2,-5
4546,-1,-1,-13,-11,-9
4547,13,17,14,13,12
4548,-11,-6,-12,-6,-4
4549,9,4,4,2,5
4550,-10,-13,-13,-16,-7
4551,4,1,10,13,-1
4552,-4,9,3,6,4
4553,0,-7,-8,2,5
4554,9,6,11,-4,-6
4555,8,9,4,4,6
4556,-15,-13,-12,-12,-10
4557,-2,3,4,12,8
4558,5,-5,-4,-6,-5
4559,-3,9,7,0,2
4560,6,-7,2,2,-2
4561,-6,12,-1,1,6
4562,9,-8,-7,1,-1
4563,-1,1,3,-7,-1
4564,-11,-14,-16,-14,0
4565,11,12,11,20,-2
4566,-2,-1,3,-10,-7
4567,-9,9,6,9,9
4568,1,-11,-10,-2,-6
4569,4,-1,4,-6,9
4570,-3,0,2,4,-11
4571,1,-5,-12,-7,-7
4572,5,5,7,12,16
4573,-6,-4,-6,-9,-10
4574,1,3,7,5,6
4575,4,0,4,-1,-4
4576,-1,0,-9,-7,2
4577,1,4,12,14,4
4578,-1,2,-6,-11,2
4579,4,1,8,10,1
4580,-10,-12,-13,-17,-21
4581,20,19,12,19,21
4582,-12,-7,-4,-2,-4
4583,-8,-11,-12,-9,-1
4584,9,6,5,-2,5
4585,9,12,14,13,1
4586,-18,-8,0,3,0
4587,0,-13,-12,-14,-14
4588,14,14,3,-2,9
4589,-14,-2,-1,-1,2
4590,5,0,1,10,0
4591,-2,-5,-4,2,0
4592,-3,-4,-2,-3,-5
4593,1,0,-4,-1,3
4594,9,9,10,-4,4
4595,-10,-12,1,2,-4
4596,0,2,-14,-16,-7
4597,6,6,19,17,9
4598,0,9,3,3,0
4599,15,6,0,4,2
4600,-20,-22,-16,-4,1
4601,-1,-1,-1,-3,-9
4602,10,12,11,7,8
4603,-5,3,-1,-10,-1
4604,-5,-10,-12,-11,-10
4605,6,7,8,9,6
4606,-1,0,6,3,-3
4607,-3,-6,-13,-13,-15
4608,8,6,15,17,24
4609,-5,4,-4,-6,-7
4610,0,-6,-6,11,4
4611,-1,-3,14,1,3
4612,-2,2,-14,-6,-4
4613,1,3,2,-9,-12
4614,1,-5,3,3,3
4615,8,7,0,-1,-1
4616,-11,-4,-1,1,10
4617,4,1,0,1,-2
4618,-4,-10,-14,-15,-11
4619,5,19,24,23,14
4620,4,-4,-2,0,0
4621,-2,-5,-9,-11,0
4622,-4,-4,-6,-5,-1
4623,-4,-4,-3,9,4
4624,7,9,12,3,-9
4625,5,0,0,-3,1
4626,-11,-6,1,2,6
4627,-1,1,4,8,0
4628,0,-5,-17,-14,-10
4629,12,17,14,5,6
4630,-6,-13,-12,-8,-7
4631,-5,-1,0,0,4
4632,16,12,11,15,5
4633,-17,-16,-5,-14,-1
4634,10,14,10,15,3
4635,-4,-9,-4,-8,-9
4636,-4,-2,-5,1,9
4637,-1,-3,-10,-11,-18
4638,0,4,9,4,16
4639,0,-4,1,5,-4
4640,2,3,-10,-12,-11
4641,1,6,7,14,14
4642,3,9,10,4,0
4643,-7,-16,-17,-12,-5
4644,1,0,9,10,9
4645,17,16,7,3,1
4646,-10,-7,-5,-9,0
4647,-2,1,-1,2,-8
4648,5,-1,-1,-2,-5
4649,-6,-4,0,4,4
4650,11,15,13,7,9
4651,-15,-14,-9,-5,0
4652,8,17,9,3,-4
4653,3,-11,-7,0,2
4654,-5,-7,-10,-15,-18
4655,4,5,5,9,17
4656,-10,-8,-7,-2,-4
4657,17,15,13,3,-2
4658,-14,-8,0,-1,2
4659,-2,-6,-9,-5,2
4660,13,12,7,7,3
4661,0,3,5,1,-6
4662,-11,-13,-9,-9,-1
4663,-4,7,2,10,9
4664,5,-10,-3,-4,-7
4665,-1,4,4,3,3
4666,-3,-5,-9,-7,-7
4667,5,10,9,3,8
4668,-1,-7,-6,0,-8
4669,5,13,9,4,11
4670,-7,-16,4,2,-3
4671,-2,1,-11,-3,-2
4672,1,3,11,8,4
4673,1,8,2,-3,-3
4674,4,-8,-18,-16,1
4675,-5,7,10,8,2
4676,0,-11,-8,-5,-15
4677,-1,3,4,8,15
4678,0,11,6,0,-2
4679,7,4,2,0,2
4680,-8,-21,-17,-16,-12
4681,17,20,16,18,10
4682,-12,-9,5,3,0
4683,-3,-10,-24,-25,-15
4684,-2,-2,13,24,18
4685,3,21,6,0,-4
4686,6,-5,2,4,3
4687,-6,-8,-10,-8,0
4688,6,6,2,-7,-7
4689,-6,-6,2,10,6
4690,-1,-6,-12,-2,0
4691,-2,10,20,5,1
4692,3,-3,-14,-7,-5
4693,3,-2,5,2,0
4694,-4,8,1,3,4
4695,6,3,2,1,-1
4696,-7,-1,1,-5,-5
4697,-1,-16,-18,-10,2
4698,0,10,10,2,-10
4699,0,-11,-5,0,14
4700,5,13,17,12,-3
4701,5,0,-8,-5,-5
4702,-6,3,0,-1,0
4703,3,5,12,10,10
4704,-7,-15,-11,-13,-7
4705,1,0,3,10,5
4706,5,9,-2,-4,-4
4707,4,-5,-5,-5,4
4708,-4,7,9,9,-2
4709,-3,-14,1,-3,-2
4710,-2,-1,-19,-5,5
4711,9,15,13,5,-1
4712,-5,-9,-6,-6,-4
4713,4,6,16,12,6
4714,2,-2,-7,-10,-3
4715,-11,-2,-8,5,3
4716,2,5,6,-3,-6
4717,10,-3,4,3,3
4718,-11,-8,-14,-13,-5
4719,1,-2,0,0,4
4720,-1,11,14,10,0
4721,6,4,-3,1,2
4722,5,-4,4,2,2
4723,-5,-6,-16,-16,-13
4724,-4,6,10,8,3
4725,0,-9,-3,4,4
4726,-3,9,0,-2,2
4727,22,14,14,9,2
4728,-22,-23,-19,-14,0
4729,7,4,11,14,2
4730,-4,-4,-10,-7,-9
4731,7,12,7,-1,-2
4732,-2,-5,0,6,10
4733,-5,-4,0,-6,-8
4734,8,9,4,1,5
4735,-6,5,5,9,3
4736,-2,-15,-5,-2,0
4737,6,6,-3,-7,-5
4738,3,3,3,4,3
4739,-12,-9,1,-1,-4
4740,13,9,-6,-4,1
4741,-6,-8,7,5,4
4742,-2,12,-1,-3,-5
4743,5,-7,-9,-1,3
4744,-3,1,9,5,-1
4745,-7,-11,1,1,2
4746,1,11,2,-2,1
4747,2,-10,-22,-1,1
4748,-3,-2,1,-14,-5
4749,2,1,0,7,-5
4750,0,1,2,12,10
4751,-1,6,3,-20,-6
4752,14,10,17,20,7
4753,-12,-4,-8,-8,-6
4754,-3,-15,-4,-6,2
4755,27,28,16,15,4
4756,-7,-8,-10,-3,-3
4757,-17,-15,-13,-13,1
4758,-1,-3,-2,-8,-21
4759,9,14,12,19,20
4760,-2,-7,-8,-13,-16
4761,-6,4,11,16,19
4762,-3,-8,-1,-3,-3
4763,0,-3,-16,-4,2
4764,9,7,6,-4,1
4765,-4,5,5,-2,-4
4766,-2,-9,-5,-1,-2
4767,0,-1,4,0,5
4768,-3,1,-2,3,-7
4769,13,8,10,7,6
4770,-11,-10,-13,-14,0
4771,3,4,1,4,0
4772,-5,-4,2,8,-2
4773,13,22,14,6,4
4774,-10,-18,-18,-11,-8
4775,3,7,21,14,8
4776,7,12,-2,-2,0
4777,-10,-21,-19,-12,-5
4778,0,-2,-3,-9,-16
4779,4,18,17,20,18
4780,-1,-15,-15,-9,0
4781,-6,-5,10,5,2
4782,5,5,-9,-9,-13
4783,4,3,18,14,13
4784,-6,3,-10,-14,-12
4785,9,0,-1,-1,10
4786,-10,-6,6,11,-1
4787,2,-2,-14,2,2
4788,3,5,3,-11,-8
4789,-3,5,12,9,7
4790,0,-8,-5,-3,2
4791,-1,-3,-12,-17,-16
4792,-1,-1,6,14,17
4793,2,9,4,-2,0
4794,5,0,-1,10,-1
4795,-3,-3,1,-9,-10
4796,2,1,-1,-3,-4
4797,-6,0,-4,-3,-2
4798,2,-5,-3,3,2
4799,5,22,24,15,15
4800,-4,-9,-4,-4,-2
4801,-5,-13,-19,-15,-4
4802,6,13,18,14,0
4803,3,-7,-7,-6,3
4804,-9,-10,-17,1,1
4805,7,8,17,6,-2
4806,-1,-2,-10,2,1
4807,-1,10,12,-8,-3
4808,-1,-6,-8,4,0
4809,1,0,-2,-14,-10
4810,-2,-6,3,17,16
4811,-3,4,-1,-4,0
4812,0,-4,-8,-16,-6
4813,8,7,12,21,4
4814,-3,0,-4,-10,-10
4815,4,-2,-2,-4,-5
4816,0,2,2,-2,15
4817,-5,0,-1,0,-13
4818,0,9,11,10,15
4819,-3,-5,-4,-1,-3
4820,0,-8,-5,6,3
4821,2,-1,5,-8,-4
4822,7,9,11,11,3
4823,-9,-10,-20,-6,1
4824,0,3,22,7,0
4825,0,-5,-25,-20,-14
4826,0,-2,-3,-3,-3
4827,1,3,8,6,5
4828,1,13,13,11,11
4829,0,-2,-4,1,0
4830,-3,-10,-8,-12,-3
4831,4,2,4,13,2
4832,-3,1,-2,-2,2
4833,-1,-5,-4,-5,-3
4834,5,7,6,4,-2
4835,4,0,-1,-9,-11
4836,0,4,-1,1,12
4837,-4,6,6,10,-1
4838,3,-2,5,1,2
4839,-3,-8,-14,-15,0
4840,-5,-5,-3,11,3
4841,0,-4,-6,-10,-8
4842,13,19,21,14,4
4843,-8,-5,0,-2,2
4844,-2,-2,-2,-4,-5
4845,4,4,3,4,1
4846,-7,-7,2,5,5
4847,2,-5,-18,-21,-10
4848,0,7,14,17,6
4849,8,3,-7,-7,-2
4850,-5,-3,-2,3,1
4851,4,2,3,-2,5
4852,-4,-7,-4,6,0
4853,-2,9,4,-9,-4
4854,8,-2,-1,10,2
4855,-10,7,9,0,2
4856,14,4,1,0,-2
4857,2,-7,0,1,2
4858,2,1,-6,-8,-2
4859,-18,-13,-8,-3,3
4860,17,20,17,14,0
4861,-6,-13,-14,-7,-4
4862,-10,-10,-4,-10,-1
4863,5,5,3,8,3
4864,-3,8,13,5,0
4865,4,-3,-6,0,-2
4866,0,12,8,3,4
4867,2,-14,-14,-16,-9
4868,-9,-9,-10,5,7
4869,0,11,16,6,0
4870,4,-4,-3,3,-1
4871,-2,4,-1,-3,0
4872,-1,8,5,3,0
4873,1,-18,-4,-3,1
4874,-2,-2,1,-7,-8
4875,3,3,-8,-8,-10
4876,15,15,10,17,17
4877,-18,-14,-10,-15,-5
4878,1,0,5,3,-4
4879,-1,10,6,6,9
4880,3,2,0,5,-1
4881,8,1,-2,-3,3
4882,-10,-6,-5,-2,-9
4883,9,6,9,3,4
4884,-10,-17,-13,-7,-8
4885,3,14,6,2,6
4886,-2,-10,3,6,7
4887,-1,-3,-9,-7,-6
4888,0,0,4,1,1
4889,5,4,-4,-8,-13
4890,-5,0,-1,2,18
4891,1,-4,-4,-5,-3
4892,4,8,21,18,3
4893,-4,-4,-19,-16,-7
4894,7,11,16,14,7
4895,-3,-5,-7,0,-3
4896,4,-1,2,7,4
4897,-8,-1,-6,-13,-13
4898,1,7,7,9,9
4899,3,-5,-2,1,4
4900,-6,5,1,-7,-4
4901,0,-15,-14,-6,-10
4902,11,17,15,6,6
4903,-10,-7,-7,9,7
4904,9,7,10,-8,-6
4905,-8,-5,-1,4,6
4906,6,-2,-6,-5,1
4907,-8,2,2,4,-5
4908,1,-13,-15,-14,-6
4909,10,11,10,7,6
4910,-6,1,3,5,-2
4911,-4,-6,-1,-9,-4
4912,8,7,3,4,10
4913,-9,-10,-8,-9,-16
4914,2,5,5,6,15
4915,1,-3,12,12,0
4916,-1,-2,-14,-6,-7
4917,0,7,1,-3,9
4918,-2,-10,-9,3,-9
4919,0,-1,0,-16,7
4920,13,17,19,20,-1
4921,-6,-7,-11,-13,-10
4922,0,9,15,15,10
4923,-5,-2,-4,-4,-3
4924,4,-7,-12,-12,-11
4925,-5,0,1,4,17
4926,4,5,4,1,-10
4927,0,-2,5,8,5
4928,0,-6,-7,-3,-4
4929,7,6,3,0,7
4930,-11,-12,-9,-13,-17
4931,1,4,-3,11,11
4932,6,6,11,10,6
4933,-1,-4,-6,-9,-5
4934,-4,-3,1,-3,5
4935,4,3,-4,6,-5
4936,3,5,19,4,3
4937,-4,-3,-8,-3,2
4938,-1,-1,-8,-9,2
4939,0,13,12,7,-8
4940,4,-12,-13,-1,0
4941,-7,-3,7,-3,1
4942,6,9,-1,1,1
4943,-5,-12,-5,-5,1
4944,12,21,16,15,5
4945,-9,-18,-13,-9,-6
4946,-4,-4,-2,4,-1
4947,7,10,7,2,5
4948,-5,-8,-10,-5,1
4949,8,8,7,-6,-7
4950,-6,-4,-6,10,5
4951,-5,-5,0,-14,3
4952,7,15,11,13,-3
4953,-3,-12,-1,-2,2
4954,10,18,11,8,1
4955,-13,-22,-22,-1,0
4956,-2,-2,0,-20,0
4957,3,10,5,12,-9
4958,8,10,9,2,6
4959,-8,-6,1,4,2
4960,0,0,-9,-2,-4
4961,13,6,13,6,5
4962,-15,-5,-11,-13,-2
4963,0,-9,-3,-4,-15
4964,6,12,8,7,11
4965,-7,-18,-9,-2,-1
4966,0,19,9,5,5
4967,3,1,1,-2,-5
4968,2,-13,-14,-12,5
4969,3,4,3,3,-2
4970,-2,-1,1,1,-11
4971,-4,-3,-4,-6,-2
4972,1,-3,-2,7,12
4973,-2,5,8,5,5
4974,-1,-9,-6,1,-8
4975,0,20,13,2,7
4976,13,-7,-5,1,-3
4977,-7,-3,3,-1,2
4978,-6,3,-4,-4,-1
4979,6,-5,-4,-3,-7
4980,1,-1,-1,-4,9
4981,2,4,7,6,-6
4982,-9,3,3,3,-2
4983,12,5,-1,0,-1
4984,-8,-11,-7,-3,0
4985,2,5,6,1,5
4986,-2,-8,-9,-3,2
4987,-3,-1,7,0,-12
4988,-1,-2,2,6,9
4989,5,3,-8,-3,5
4990,1,1,2,-2,-1
4991,-5,1,6,9,-3
4992,7,5,7,3,3
4993,4,2,-6,-5,-5
4994,-6,-2,3,5,6
4995,-3,-8,-17,-5,-5
4996,3,2,13,0,6
4997,-6,-5,2,3,-4
4998,16,16,1,-6,3
4999,6,5,2,6,-3
5000,-20,-20,-17,-21,0
5001,-2,4,10,14,-7
5002,4,1,-7,-2,8
5003,-2,-5,-6,-7,-3
5004,5,21,25,17,4
5005,-6,-12,-9,2,1
5006,4,2,7,-1,-1
5007,-3,-10,-13,-6,-3
5008,3,3,5,-3,4
5009,-1,0,-7,6,-1
5010,3,4,3,-5,-8
5011,-5,-1,-5,-12,-10
5012,0,8,13,14,17
5013,3,-11,-15,-11,0
5014,-1,-1,-1,-3,0
5015,-3,7,17,17,3
5016,6,-3,-9,-6,0
5017,-7,-9,-11,-14,0
5018,7,10,12,15,-7
5019,-7,-10,-13,-17,7
5020,4,21,23,21,-5
5021,1,-16,-13,-11,1
5022,-3,0,-6,-3,-11
5023,-1,2,4,11,8
5024,0,-1,5,2,3
5025,1,3,10,2,-1
5026,-2,6,-9,-4,-4
5027,3,-3,-4,2,3
5028,-3,-10,-7,-5,1
5029,13,22,22,8,1
5030,-1,-10,-3,-3,-3
5031,-10,-9,-9,-3,5
5032,2,3,-7,-2,-1
5033,1,4,15,8,1
5034,-4,-2,-10,2,1
5035,1,-2,10,-5,0
5036,-1,14,-1,-1,-3
5037,2,-15,-9,6,4
5038,-1,-1,14,0,0
5039,2,1,-5,-2,-1
5040,4,2,-9,1,0
5041,-6,7,4,-10,-12
5042,-1,-13,-5,1,2
5043,-1,7,3,-4,7
5044,11,6,4,9,-3
5045,15,10,8,3,3
5046,-25,-22,-21,-18,-15
5047,-1,-4,-2,-2,-3
5048,1,6,3,11,15
5049,1,2,3,11,5
5050,-1,6,7,-12,-2
5051,5,-5,-6,-4,-10
5052,-4,-7,4,16,14
5053,-1,9,1,-9,-8
5054,-1,-1,-5,2,-1
5055,10,5,12,3,5
5056,-10,-15,-21,-19,-1
5057,0,4,5,4,-10
5058,9,13,11,9,11
5059,-5,-13,-13,5,1
5060,13,14,14,-1,-1
5061,-8,-7,-3,3,3
5062,-1,0,1,-3,-7
5063,-5,1,3,8,8
5064,4,-2,7,-3,-3
5065,10,9,1,0,3
5066,-8,-6,-13,-11,-13
5067,-8,0,-2,-2,3
5068,1,6,7,6,8
5069,-1,-17,-17,-14,-8
5070,1,1,11,7,-7
5071,9,14,5,9,15
5072,-3,-4,-5,1,-2
5073,-1,-4,0,-2,0
5074,2,3,8,3,1
5075,3,2,-7,-10,-7
5076,-9,-9,-9,2,-3
5077,0,9,10,-1,10
5078,-3,-14,-13,-13,-23
5079,3,4,1,13,21
5080,-2,3,17,8,4
5081,6,15,4,2,-4
5082,-2,-12,-15,-16,4
5083,0,-3,-3,-3,-19
5084,-4,4,7,12,8
5085,1,-7,0,-1,9
5086,-2,0,-5,-6,-6
5087,11,15,16,16,7
5088,10,6,3,2,1
5089,-19,-23,-23,-19,0
5090,0,20,18,14,-4
5091,0,-16,-13,-8,2
5092,-1,-2,-5,-9,-16
5093,6,12,14,12,14
5094,-7,-14,-14,0,-6
5095,8,6,5,-5,2
5096,-2,2,2,1,6
5097,4,4,3,2,-2
5098,-4,-8,5,7,-1
5099,-2,-2,-3,-3,1
5100,-1,1,-7,-12,4
5101,-2,5,8,8,-2
5102,3,0,-3,2,-5
5103,-1,6,10,7,8
5104,0,-5,-8,-4,0
5105,11,4,-2,8,0
5106,-13,3,3,-9,-3
5107,3,-10,-8,-6,-9
5108,1,-3,2,2,-1
5109,17,19,12,9,12
5110,-21,-22,-16,-12,-12
5111,9,13,10,6,4
5112,-2,1,5,6,7
5113,1,-2,-4,-8,-9
5114,-7,-10,-13,-1,11
5115,-2,10,10,4,-8
5116,3,-10,6,5,4
5117,-2,-1,-13,-11,1
5118,9,9,8,2,1
5119,-6,4,1,5,0
5120,-1,-9,-11,-1,-6
5121,-1,4,10,-5,-1
5122,-2,-7,-7,0,2
5123,2,-2,-1,-8,-5
5124,1,8,13,13,10
5125,1,-4,-14,-14,2
5126,5,4,7,15,-3
5127,3,9,7,1,3
5128,-7,-11,-1,0,-2
5129,-3,-1,-9,-8,-11
5130,-2,0,4,3,9
5131,1,5,3,0,-6
5132,3,-8,-15,-7,8
5133,-1,9,11,3,-12
5134,2,7,8,13,12
5135,4,-6,-4,-8,-3
5136,3,7,5,9,5
5137,-11,-8,-10,1,0
5138,4,-5,-2,-10,-10
5139,9,13,9,3,2
5140,-8,-12,-11,2,8
5141,2,4,7,0,0
5142,-1,-6,-10,-10,-7
5143,-5,5,9,2,7
5144,-2,-12,-13,8,0
5145,5,18,18,3,0
5146,-4,-16,-6,-13,-16
5147,13,24,11,13,15
5148,-14,-18,-7,-3,-2
5149,6,-1,-8,-11,-6
5150,-6,-1,9,6,3
5151,2,0,-14,-12,-14
5152,-2,-3,0,-1,1
5153,5,2,1,0,10
5154,-2,1,12,18,8
5155,0,1,-3,-1,-1
5156,-3,-7,-8,-2,-7
5157,15,15,20,7,8
5158,-11,-3,-16,-17,-12
5159,-3,4,11,16,11
5160,2,-5,-9,-6,-2
5161,0,-6,-8,-16,-14
5162,0,13,12,22,15
5163,2,-9,0,-2,3
5164,-5,3,1,-3,-1
5165,2,-4,-9,0,-4
5166,8,5,5,-8,1
5167,-5,-8,-8,-1,4
5168,-5,2,6,5,-3
5169,3,5,8,4,-3
5170,10,1,-5,-3,-4
5171,-1,-1,6,8,7
5172,-10,-6,-12,-15,-3
5173,-1,1,6,3,-4
5174,3,-1,-6,-2,0
5175,9,15,14,11,6
5176,-7,-13,-12,-9,-11
5177,-3,-2,-5,7,13
5178,2,18,17,5,1
5179,-5,-16,-16,-19,-1
5180,11,5,11,12,-7
5181,-11,-5,-10,1,5
5182,7,16,16,3,4
5183,-2,2,1,3,0
5184,16,-4,-1,0,0
5185,-21,-20,-13,-9,-9
5186,0,4,3,2,0
5187,10,7,6,2,7
5188,-9,-6,-14,-10,-14
5189,-1,5,10,5,15
5190,5,4,3,6,-3
5191,9,1,-2,-5,-4
5192,-14,-14,-6,-5,1
5193,1,9,4,13,6
5194,18,7,6,-5,-1
5195,-14,-14,-7,-1,-7
5196,9,9,-1,-5,7
5197,-7,5,6,7,0
5198,-6,-3,-4,1,-4
5199,5,-7,-5,-9,2
5200,1,-2,0,-2,-6
5201,2,6,6,7,10
5202,-8,-1,2,5,-5
5203,-1,1,0,2,2
5204,5,1,-2,1,0
5205,-1,-8,-10,-9,-1
5206,-3,-5,-4,1,-7
5207,7,11,10,-7,-4
5208,-3,2,10,11,12
5209,15,8,1,5,1
5210,-14,-13,-3,-8,-1
5211,3,7,1,8,2
5212,-5,-11,-11,-16,1
5213,-4,-1,3,14,-1
5214,0,0,-2,-8,-9
5215,2,-2,8,2,4
5216,2,4,-14,-14,-8
5217,-4,1,4,19,10
5218,1,-6,-9,-19,-2
5219,4,6,13,10,-3
5220,-3,0,13,10,9
5221,1,0,-20,-19,-11
5222,0,-2,8,11,2
5223,3,8,1,0,-3
5224,0,14,11,8,11
5225,-3,-15,-13,-11,-6
5226,1,-8,-2,2,6
5227,-4,1,-4,-7,-9
5228,2,0,-1,11,10
5229,8,9,8,-4,-6
5230,0,5,14,11,6
5231,-9,-9,-15,-12,0
5232,1,-8,-6,12,-2
5233,7,11,11,-10,-1
5234,-5,2,1,1,-1
5235,1,-5,-8,-2,-5
5236,19,17,15,11,8
5237,-18,-15,-6,-6,-2
5238,3,7,0,-2,-6
5239,-3,-3,-2,-1,9
5240,12,10,10,9,-2
5241,-16,-21,-11,-5,1
5242,-2,3,-5,-6,-1
5243,3,-5,-3,0,-1
5244,2,10,6,2,0
5245,8,4,2,5,-1
5246,-6,-7,-6,-13,-8
5247,-4,9,8,9,9
5248,-1,-17,-17,-18,-1
5249,-1,1,3,11,-6
5250,7,5,15,7,8
5251,-4,-3,-8,-2,-5
5252,-2,-1,-7,4,7
5253,-2,-3,-3,-3,-7
5254,2,3,22,6,6
5255,-2,-2,-17,-9,1
5256,0,9,6,-2,-14
5257,0,-3,-4,5,5
5258,2,-1,17,10,9
5259,3,-2,-18,-11,-9
5260,-2,7,16,10,7
5261,1,-7,-1,-1,-1
5262,3,8,-8,-4,-4
5263,1,3,1,0,7
5264,-8,-16,-15,-19,-8
5265,8,19,17,25,8
5266,-6,-9,-8,0,-1
5267,-2,-10,-5,-24,-2
5268,8,9,13,21,0
5269,14,17,7,-1,1
5270,-17,-20,-14,-9,-9
5271,0,9,6,4,10
5272,0,-3,-3,3,-2
5273,-5,-3,0,-8,-9
5274,3,-6,-12,-1,-1
5275,1,8,8,2,9
5276,-2,0,0,8,-2
5277,1,-6,11,2,4
5278,2,0,-2,0,0
5279,1,7,-7,-5,1
5280,-1,7,9,6,-1
5281,10,-3,-5,-1,1
5282,-3,-3,4,-3,-2
5283,-9,-4,-1,-3,0
5284,11,9,3,3,-3
5285,-14,-17,-19,-3,1
5286,7,19,17,6,2
5287,15,8,9,4,3
5288,-22,-20,-20,-19,-3
5289,3,10,12,13,-3
5290,6,-1,-3,-4,0
5291,2,-4,5,3,2
5292,-2,-2,-7,-5,-3
5293,-2,-2,9,8,7
5294,10,9,-1,1,-2
5295,-13,5,1,3,2
5296,1,-17,-11,-13,-10
5297,-3,7,11,8,5
5298,-1,0,-10,-6,0
5299,8,1,-1,-3,-1
5300,-9,-14,-12,-14,6
5301,13,13,16,24,-1
5302,-11,-7,-3,-10,0
5303,4,2,-8,-3,-12
5304,2,1,6,6,4
5305,-3,7,3,-3,-4
5306,2,-6,-4,1,1
5307,5,7,8,7,10
5308,-11,-14,1,-1,2
5309,9,12,1,0,0
5310,0,3,-5,0,-4
5311,-9,0,4,3,3
5312,1,-15,-6,-4,-1
5313,5,7,0,-2,2
5314,-1,-1,1,-4,-12
5315,-4,-4,6,11,12
5316,1,14,-4,2,-1
5317,-2,-11,-10,-11,0
5318,0,-6,-2,-5,-4
5319,0,17,13,10,-1
5320,1,-17,-18,-17,-16
5321,6,8,15,12,11
5322,0,5,5,3,11
5323,-1,-8,-3,2,0
5324,0,1,-5,5,-1
5325,-7,-6,-11,-26,-8
5326,1,-1,0,4,4
5327,9,15,26,24,5
5328,-2,-4,-15,-16,-15
5329,-8,-11,-7,-5,12
5330,8,11,16,14,0
5331,-6,-10,-19,-12,-15
5332,16,21,19,19,18
5333,-15,-19,-6,-10,-5
5334,-3,-4,-17,-18,-15
5335,9,9,22,24,19
5336,-9,-9,-13,-2,-2
5337,2,15,11,-4,-7
5338,-1,-10,-13,0,7
5339,-1,0,19,7,1
5340,3,0,-14,0,1
5341,0,4,-1,-10,-11
5342,-3,-4,0,-3,4
5343,2,10,9,5,-2
5344,7,2,-3,4,3
5345,-5,-8,-8,-6,-5
5346,-4,11,12,5,12
5347,10,-8,-5,-1,-8
5348,-3,1,6,0,1
5349,5,4,0,1,3
5350,-4,-6,-10,-4,-4
5351,-7,-4,-5,-9,6
5352,0,-3,-1,-2,-6
5353,6,11,12,12,6
5354,8,5,8,6,2
5355,-15,-17,-17,-16,-11
5356,4,2,-2,2,-6
5357,1,15,14,10,8
5358,2,-12,-12,-11,-6
5359,-5,-3,2,7,8
5360,0,5,1,1,-3
5361,-2,-1,17,10,10
5362,10,10,-10,-6,0
5363,-9,-8,-3,5,-2
5364,0,1,-4,-14,1
5365,24,13,13,17,1
5366,-15,-14,-7,-7,-2
5367,4,9,8,2,-3
5368,-10,4,-1,2,2
5369,-4,-19,-13,-7,3
5370,14,14,7,-2,-5
5371,-14,-6,-2,3,4
5372,4,-9,-5,5,-3
5373,3,4,-3,-18,-18
5374,1,2,5,11,17
5375,1,0,13,8,3
5376,-6,6,-10,-7,-5
5377,10,-2,-3,-6,-1
5378,-2,-2,0,6,0
5379,-6,2,4,1,2
5380,-3,-8,-1,-1,0
5381,2,-2,-3,-3,-4
5382,7,8,-2,0,-1
5383,5,8,8,13,11
5384,-14,-18,-14,-11,-11
5385,0,3,6,-6,2
5386,13,14,11,11,9
5387,-15,-14,-10,-7,-13
5388,10,7,-1,1,8
5389,-10,-8,-3,3,0
5390,1,-2,-6,-18,-19
5391,3,4,6,9,14
5392,5,6,7,7,7
5393,-3,-2,5,7,2
5394,0,-3,-13,-9,-12
5395,3,5,15,8,11
5396,-8,1,-6,-6,2
5397,9,-3,0,-3,-9
5398,-10,-10,-15,-4,-7
5399,1,2,3,-3,0
5400,0,6,10,7,16
5401,0,2,-5,0,-7
5402,10,1,5,11,7
5403,-8,-4,-6,-12,-2
5404,-2,4,6,3,-2
5405,1,7,3,4,4
5406,9,-3,-2,0,-3
5407,-11,-3,-4,-6,-8
5408,4,-5,-2,-5,-6
5409,5,10,8,12,11
5410,-9,6,6,1,0
5411,0,-12,-11,-11,0
5412,3,-7,1,11,5
5413,1,0,-9,-4,-7
5414,0,3,20,4,3
5415,10,11,-7,4,3
5416,0,-2,0,-11,1
5417,-1,4,4,9,1
5418,-13,-14,-14,-4,-3
5419,4,1,5,-10,-12
5420,7,4,0,11,8
5421,-8,-7,0,-1,3
5422,-3,5,8,0,2
5423,5,2,-2,-4,-1
5424,3,0,-6,-5,-7
5425,15,13,11,10,4
5426,-20,-15,-11,-5,0
5427,6,5,12,7,6
5428,5,4,-2,-1,0
5429,-10,-14,-11,-13,-18
5430,-2,16,12,16,15
5431,-1,-14,-12,-12,3
5432,11,8,2,6,-6
5433,-10,-9,-6,-11,-6
5434,1,9,10,7,3
5435,9,-1,-2,-2,8
5436,-6,0,-2,7,0
5437,-4,12,14,5,-2
5438,0,-22,-21,-15,0
5439,4,3,4,8,0
5440,-4,2,3,-7,-1
5441,1,8,4,15,3
5442,-3,-10,-11,1,1
